S. No.,Part No.,Description,USD Price,
1,160700,PulleyFord Figo Classic Diesel ,17.04,
2,160701,Stator AssyMaruti Alto Stator Assy ,29.31,
3,160800,Armature Assy Fiat Linea / Punto ,47.98,
4,160801,"Armature Assy Ford Figo,Fiesta,New ",17.59,
5,406501,Starter Fiat Linea/Punto Fire ,61.55,
6,406504,Starter Maruti Swift/Dzire/SX4 1.3L ,58.62,
7,406508,Starter Tata Vista / Manza1.3L SDE ,61.39,
8,406513,Starter Chevrolet Enjoy ,66.54,
9,406514,Starter Piaggio Porter 1000 ,79.14,
10,406516,Starter PV Tata Ace ,52.00,
11,406517,Starter Tata Indica/Indigo ,59.29,
12,406518,STARTER MAHINDRA BOLERO ,82.37,
13,406519,Starter Renault Kwid ,52.13,
14,406520,Starter mahindra Xylo ,85.38,
15,406521,Starter TATA Indica (bulk) ,509.96,
16,406522,Starter Toyota Etios Diesel ,58.50,
17,406550,Front Bracket AssyHyundai i10/i20 K ,5.77,
18,406551,Armature Assy Hyundai i10 / i20 Kap ,26.77,
19,406552,ORC AssyHyundai i10 / i20 Kappa ,8.60,
20,406553,Yoke AssyHyundai i10 / i20 Kappa ,9.85,
21,406554,Solenoid Switch Hyundai i10 / i20 K ,14.54,
22,406555,Rear Bracket Assy Hyundai i10/i20 K ,2.17,
23,406556,Front Bracket AssyFiat Linea/Punto ,5.35,
24,406558,"Orc AssyFiat Linea/Punto,Nissan Mic ",7.19,
25,406559,Yoke AssyFiat Linea Fire ,8.65,
26,406560,Solenoid Switch Fiat Linea / Punto ,15.74,
27,406561,Rear Bracket Assy Fiat Linea / Punt ,5.75,
28,406562,Yoke AssyFiat Punto Fire ,13.55,
29,406563,"Front Bracket M/C Ford Figo,Fiesta, ",7.01,
30,406565,"ORC AssyFord Figo Diesel/Petrol,Fie ",7.13,
31,406566,"Yoke AssyFord Figo Petrol,Fiesta Cl ",6.06,
32,406567,Solenoid Switch Ford Figo Petrol/Di ,16.28,
33,406568,Rear Bracket Assy Ford Figo Petrol/ ,5.75,
34,406569,"Front Bracket AssyFord Figo,Fiesta ",7.72,
35,406570,"Armature Assy Ford Figo,Fiesta Die ",20.21,
36,406571,"Yoke AssyFord Figo,Fiesta Diesel Si ",6.27,
37,406573,"Front Bracket AssyMaruti Swift ,Dzi ",5.82,
38,406575,"ORC Assy Maruti Swift ,Dzire,S ",6.82,
39,406576,"Yoke AssyMaruti Swift ,Dzire,Sx4,Ta ",5.53,
40,406577,"Solenoid Switch Maruti Swift,Dzire, ",16.01,
41,406578,"Rear Bracket Assy Maruti Swift ,Dzi ",5.90,
42,406579,Front Bracket M/CMaruti Sx4 PETROL ,8.45,
43,406580,Armature Assy Maruti SX4 Petrol /E ,27.95,
44,406581,Orc AssyMaruti SX4 Petrol/Ertiga ,19.81,
45,406582,Yoke AssyMaruti SX4 PETROL YY4MC ,8.04,
46,406584,Rear Bracket Assy Maruti SX4 Petro ,6.47,
47,406585,Front bracket machined Nissan Micra ,6.73,
48,406586,Armature AssyNissan Micra X02A XH2 ,31.82,
49,406587,Yoke AssyNissan Micra X02A XH2 ,8.55,
50,406588,Solenoid Switch Nissan Micra X02A ,13.63,
51,406589,Rear Bracket Assy Nissan Micra X02 ,5.56,
52,406590,Front Bracket M/CNissan Micra Nissa ,6.45,
53,406591,Front Bracket AssyTata Vista / Manz ,6.53,
54,406592,Armature Assy Tata Vista/Manza 1. ,20.78,
55,406593,Solenoid Switch Tata Vista/Manza 1. ,16.08,
56,406594,Rear Bracket Assy Tata Vista/Manza ,5.90,
57,406595,Front Bracket AssyVolkswagen Polo P ,7.36,
58,406596,Armature Assy Volkswagen Polo PQ-25 ,18.35,
59,406597,Orc AssyVolkswagen Polo PQ-25 1.2L ,18.02,
60,406598,Yoke Assy1.2L DSL ,2.34,
61,406599,Solenoid SwitchVVolkswagen Polo/Pol ,19.27,
62,406600,Rear Bracket Assy Volkswagen Polo P ,5.90,
63,406601,Front Bracket AssyVolkswagen Polo P ,8.25,
64,406602,Armature Assy VW Polo Petrol ,27.16,
65,406603,Orc AssyVolkswagen Polo Petrol 1.2L ,11.34,
66,406604,Yoke AssyVolkswagen Polo Petrol 1. ,8.65,
67,406605,Rear Bracket Assy Volkswagen Polo P ,5.70,
68,406606,Front Bracket M/CMaruti Ertiga YL8 ,9.37,
69,406609,Yoke AssyMaruti Ertiga YL8 ,6.69,
70,406610,Solenoid Switch Maruti Ertiga Solen ,8.73,
71,406612,Engaging Lever Hyundai i10 / i20 Ka ,0.75,
72,406613,Engaging Lever Fiat Linea / Punto F ,0.75,
73,406614,Engaging Lever Ford Figo Petrol/Die ,0.75,
74,406615,Engaging Lever Nissan Micra X02A X ,0.75,
75,406616,Engaging Lever VOLKSWAGEN Polo / PO ,0.75,
76,406617,Engaging Lever SX4 Petrol ,0.75,
77,406618,Engaging Lever Ertiga Petrol ,0.75,
78,406619,Stop Ring i10 / i20 ,0.75,
79,406620,"Through Bolt i10 / i20,Figo P,Figo, ",0.75,
80,406621,Screw Flange i10 / i20 ,0.75,
81,406622,Sleeve Bearing (F) i10 / i20 ,0.67,
82,406623,"CED Screw Linea,Punto,Figo p,Fiesta ",0.75,
83,406625,"Through Bolt Linea,Punto,Micra ",0.75,
84,406626,"Paper sealant Linea,Punto ",0.75,
85,406627,"Needle Bearing Linea,Punto,Figo p,F ",1.11,
86,406628,"Thrust Collar Figo Petrol,Fiesta Cl ",0.87,
87,406629,"Snap Ring Figo Petrol,Fiesta Classi ",0.75,
88,406630,"Drive Shaft Assly Ford Figo, Fiesta ",13.75,
89,406631,"Front Bracket Bush Swift,Dzire,SX4, ",0.75,
90,406632,CED Screw Micra ,0.75,
91,406633,Circlip Micra ,0.75,
92,406634,Brush Holder Assembly i10 / i20 ,7.04,
93,406635,"Membrane Plate Figo,Fiesta Classic ",0.75,
94,406636,"Rubber Membrane Figo,Fiesta Classic ",0.75,
95,406637,"Front Bracket Assembly Duster, Puls ",6.50,
96,406638,"Yoke Assembly Duster, Pulse, Sunny ",5.92,
97,406639,"Solenoid Switch Duster, Pulse, Sunn ",11.37,
98,406640,"Plunger Duster, Pulse, Sunny ",1.89,
99,406642,"Plunger Assly SX4, ",3.37,
100,406643,Drive Shaft Assly Tata/Fiat/Maruti/Renau ,9.93,
101,406644,"Drive Shaft Assly Ford Figo, Fiesta/Clas ",10.07,
102,406646,Drive Shaft Assy VW Polo Petrol ,14.78,
103,406648,"Needle Bearing VW Polo, Chevrolet Enjoy ",2.78,
104,406649,"Through Bolt Maruti SX4, Ertiga Petrol ",0.75,
105,406650,"Front bracket Bush Maruti SX4, Ertiga Pe ",1.48,
106,406651,Plunger Assy VW Polo Dsl & Petrol ,2.96,
107,406652,Front Bracket Piaggio Porter 1000 ,11.26,
108,406653,O.R.C Assy Piaggio Porter 1000 ,12.51,
109,406654,Yoke Assy Piaggio Porter 1000 ,7.29,
110,406655,Solenoid Switch Piaggio Porter 1000 ,19.44,
111,406656,Lever Piaggio Porter 1000 ,0.99,
112,406657,FRONT BRACKET ASSEMBLY Tata Ace ,14.87,
113,406658,Drive Shaft Asly Tata Ace/Indica/indigo ,12.02,
114,406659,Sol.switch Asly Tata Ace/indica/Indigo ,16.33,
115,406660,Fr.bracket Assly Tata Indica/Indigo ,14.91,
116,406661,Front Bracket Assy M&M bolero ,16.77,
117,406662,Drive shaft Assy M ,26.06,
118,406663,ORC Assy M&M Boler ,9.15,
119,406664,Inductor Assembly ,16.68,
120,406665,Armature Assy M&M ,20.12,
121,406666,Snap Ring M&M Bolero ,3.76,
122,406667,Front bracket assy Renault Kwid ,14.98,
123,406668,Lever Renault Kwid ,1.18,
124,406669,Rear bracket Assly Renault Kwid ,8.66,
125,406670,"Armature assy - TSC, R4.62 Renault Kwid ",23.17,
126,406671,Yoke assly Renault Kwid ,8.04,
127,406672,Drive shaft assy R4.62 Renault Kwid ,10.00,
128,406673,Solenoid assly Renault Kwid ,13.96,
129,406691,ORC Assy i10/i20 Kappa 10 teeth ,13.89,
130,406749,Tool Kit for Starter & Alternator ,58.39,
131,406751,Alternator Fiat Linea / Punto1.3L S ,119.33,
132,406752,Alternator Fiat Linea / Punto Petro ,89.76,
133,406761,Alternator Tata Fiat Manza/Vista 1. ,106.34,
134,406766,Alternator Hyundai Kappa (2 pin) ,81.55,
135,406767,Alternator Assembly Maruti Celerio ,111.40,
136,406768,Alternator Assembly Hyundai Grand i10 Ka ,127.64,
137,406769,Alternator Assembly Datsun GO ,109.32,
138,406770,Alternator PV Duster/Verito/Logan 1.5 DC ,111.51,
139,406771,Alternator Assembly Maruti Swift Dzire ,101.85,
140,406772,Alternator assly Tata Nexon Dsl ,107.07,
141,406773,Alternator assly Tata Nexon Petrol ,129.51,
142,406774,Alternator Assy Nissan Micra Sunny Dsl ,121.60,
143,406775,Alternator Assy Nissan Go Go+ ,104.07,
144,406791,Istar Generator Maruti Ertiga Ciaz ,569.19,
145,406800,Stator AssyHyundai i10/i20 Kappa ,31.75,
146,406801,Rotor Assy Hyundai i10/i20 Kappa ,44.79,
147,406802,Front Bracket m/cHyundai i10/i20 K ,5.84,
148,406803,Rectifier Assy Hyundai i10/i20 Kapp ,23.30,
149,406804,Regulator Assy Hyundai i10/i20 Kap ,18.17,
150,406805,PulleyHyundai i10/i20 Kappa ,4.11,
151,406806,Front BearingHyundai i10/i20 Kappa ,3.44,
152,406807,"Stator AssyFiat Linea / Punto,Tata ",30.56,
153,406808,"Rotor Assy Fiat Linea/Punto,Linea/P ",41.76,
154,406809,Front Bracket MachineFiat Linea / P ,9.13,
155,406810,"Rectifier Assy, Fiat Linea/ Punto ",16.92,
156,406811,"Regulator Assy Fiat Linea / Punto,T ",16.62,
157,406812,PulleyFiat Linea / Punto 1.3L SDE ,20.88,
158,406813,Stator AssyFiat Linea / Punto Petro ,89.79,
159,406814,Front Bracket MachineFiat Linea / P ,12.89,
160,406815,Rectifier Assy Fiat Linea / Punto P ,21.70,
161,406816,Regulator Assy Fiat Linea / Punto P ,17.07,
162,406817,PulleyFiat Linea / Punto Petrol 1.4 ,4.77,
163,406818,Stator AssyFord Figo Classic Diesel ,44.86,
164,406819,Rotor Assy Ford Figo Classic Diesel ,43.52,
165,406820,Front Bracket MachineFord Figo Clas ,8.61,
166,406821,Rectifier Assy Ford Figo Classic Di ,22.53,
167,406822,Regulator Assy Ford Figo Classic Di ,20.51,
168,406824,Front Bracket MachineFord Figo Petr ,11.77,
169,406825,Rectifier Assy Ford Figo Petrol/New ,23.15,
170,406826,PulleyFord FigoPetrol/Fiesta Petrol ,4.32,
171,406827,Regulator Assy Ford New Fiesta Petr ,20.70,
172,406831,Rotor Assy Maruti Alto YG4 BS4 ,31.66,
173,406832,Front Bracket Machine Alto Bs4 ,7.09,
174,406833,Rectifier Assy Maruti Alto YG4 BS4 ,15.95,
175,406834,Regulator Assy Maruti Alto YG4 BS4 ,19.50,
176,406835,PulleyMaruti Alto YG4 BS4 ,4.04,
177,406836,Stator AssyNissan Micra/Sedan X02A ,37.45,
178,406837,Front Bracket MachineNissan Micra X ,6.65,
179,406838,Rectifier AssyNissan Micra X02A XH ,19.52,
180,406840,PulleyNissan Micra X02A XH5 ,5.21,
181,406841,Front Bracket MachinNissan Sedan ,8.41,
182,406842,Rectifier Assy Nissan Sedan X02B ,20.07,
183,406843,PulleyNissan Sedan X02B ,5.60,
184,406844,PulleyTata Fiat Manza / Vista 1.3L ,19.72,
185,406845,Stator AssyToyata Etois Liva 1.4LDi ,31.07,
186,406846,Rotor Assy Toyata Etois Liva 1.4L D ,40.27,
187,406847,Front Bracket MachineToyata Etois L ,7.33,
188,406848,Rectifier Assy Toyata Etois Liva 1. ,20.53,
189,406849,Regulator AssyToyata Etois Liva 1.4 ,21.14,
190,406850,Pulley Toyota Etois Liva Dsl ,44.45,
191,406851,Rear end Cover i10/i20 Petrol ,2.66,
192,406852,"Rear end Cover Linea, Punto, Vista, Manz ",2.60,
193,406854,"Rear end Cover Ford Figo, Fiesta Dsl ",2.89,
194,406855,Rear end Cover Ford Fiesta Petrol ,3.73,
195,406858,Rear end Cover Maruti Alto Petrol ,2.36,
196,406859,Rear end Cover Nissan Micra ,2.66,
197,406860,Rear end Cover Toyota Etois Liva Diesel ,3.19,
198,406861,Retainer Plate Common for all VS In ,1.11,
199,406862,Retainer Screw Common for all VS In ,0.75,
200,406864,Rear Cover Plastic Maruti Alto 800 ,1.24,
201,406867,pulley Maruti Alto 800 ,4.77,
202,406868,Rectifier Assy Maruti Alto 800 ,18.71,
203,406869,Rotor Rear Bearing for all VS IND Models ,2.23,
204,406871,"Through Bolt Ford Figo,Fiesta/Classic ",0.49,
205,406872,"Through Bolt i20,Alto,Micra,linea,Punto, ",0.49,
206,406873,Through Bolt Maruti Alto 800 ,0.75,
207,406874,"Pulley Nut Ford Fiesta Dsl,Toyota Etois ",0.49,
208,406875,"Pulley Nut Fiat linea, Punto, Maruti Alt ",0.80,
209,406876,"Pulley Nut i10/i20 Kappa, Micra, Sunny D ",0.75,
210,406878,Rotor Hyundai i20 Dsl ,32.57,
211,406880,Pulley Hyundai i20 Dsl ,29.33,
212,406881,Through Bolt Hyundai i20 Dsl ,0.75,
213,406882,Rectifier Hyundai i20 Dsl ,29.41,
214,406883,Regulator Hyundai i20 Dsl-2Pin ,22.37,
215,406884,Rear end Cover Hyundai i20 Diesel ,5.25,
216,406885,Rectifier Hyundai Verna Dsl ,24.40,
217,406886,Regulator Hyundai Verna Dsl- 3Pin ,25.11,
218,406887,Rear end Cover Hyundai Verna ,5.22,
219,406888,Regulator Hyundai i10 O/M-2Pin ,23.55,
220,406890,Statcal Assy Hyundai i20/Verna Diesel ,61.94,
221,406891,Bearing Cap applicable for all VS India ,0.99,
222,406892,Regulator Renault Logan/Duster diesel ,34.02,
223,406893,Stator Assembly Maruti Celerio ,36.22,
224,406894,Rotor Assembly Maruti Celerio ,37.86,
225,406895,Rear bearing Maruti Celerio ,5.21,
226,406897,Front bearing Maruti Celerio ,7.05,
227,406898,Pulley Maruti Celerio ,6.57,
228,406899,Rear Cover Maruti Celerio ,2.78,
229,406900,Rectifier Assembly Maruti Celerio ,21.48,
230,406901,Regulator Assembly Maruti Celerio ,19.91,
231,406902,Regulator Mounting ,0.80,
232,406903,Rotor Assembly Hyundai Grand i10 Kappa ,47.84,
233,406906,Front bearing Hyundai Grand i10 Kappa ,6.24,
234,406907,Pulley Hyundai Grand i10 Kappa ,6.19,
235,406908,Rear Cover Hyundai Grand i10 Kappa ,3.03,
236,406909,Rectifier Assembly Hyundai Grand i10 Kap ,22.92,
237,406910,Regulator Assembly Hyundai Grand i10 Kap ,20.82,
238,406914,Rotor Assembly Datsun GO ,36.41,
239,406916,Pulley Datsun GO ,6.46,
240,406917,Rear Cover Datsun GO ,2.59,
241,406918,Rectifier Assembly Datsun GO ,21.32,
242,406919,Regulator Assembly Datsun GO ,22.14,
243,406921,Stud Bolt Datsun GO ,0.85,
244,406922,Front Bearing Hyundai Verna Diesel ,6.25,
245,406923,"Pulley Renault Logan,Duster 1.5L DCI ",23.34,
246,406924,Stator Assembly Nexon dsl/petrol ,37.39,
247,406925,Rotor Assembly Nexon dsl/petrol ,41.97,
248,406926,Front Bracket Machined nexon dsl ,8.99,
249,406927,Rectifier Assly TATA Nexon Dsl ,21.52,
250,406928,Regulator Assembly nexon dsl/petrol ,17.46,
251,406929,Pulley nexon dsl ,7.23,
252,406930,Front Bracket Machined nexon petrol ,9.88,
253,406931,Rectifier Assly Tata Nexon Petrol ,23.98,
254,406932,Pulley nexon petrol ,32.45,
255,406960,Stator Nissan Micra Sunny Dsl ,25.30,
256,406961,Rotor Nissan Micra Sunny Dsl ,31.82,
257,406962,Rectifier Nissan Micra Sunny Dsl ,19.12,
258,406963,Regulator Nissan Micra Sunny Dsl ,15.44,
259,406964,Pulley Nissan Micra Sunny Dsl ,24.58,
260,406965,Stator Nissan Go Go+ ,24.49,
261,406966,Rotor Nissan Go Go+ ,33.63,
262,406967,Rectifier Nissan Go Go+ ,16.18,
263,406968,Regulator Nissan Go Go+ ,22.56,
264,406969,Pulley Nissan Go Go+ ,5.04,
265,446500,"START NE HYUNDAI i10, i20 ",48.33,
266,446502,"START NE Ford Ecosport,Figo,Fiesta ",57.50,
267,446503,"START NE Ford Ecosport,Figo,Fiesta ",61.69,
268,446505,NEW STARTER SUZUKI SX4/Dezire ,53.35,
269,446506,STR Nissan Versa 1.6 09-11 ,59.68,
270,446507,START NE Nissan Micra ,47.85,
271,446509,STARTER NE VW Golf ,67.98,
272,446510,STARTER NEW VW Polo ,68.12,
273,446511,NEW STARTER SUZUKI Ertiga ,53.47,
274,446512,START NE Nissan Sunny Renault Duster ,74.82,
275,446750,ALTERNATOR HYUNDAI i10/i20 PETROL ,80.76,
276,446753,ALTERNATOR FORD FIGO/FIESTA CLASSIC DSL ,115.06,
277,446754,ALTERNATOR FORD FIGO PETROL ,96.70,
278,446755,ALTERNATOR FORD FIESTA PETROL (08/2000 - ,110.38,
279,446757,"ALTERNATOR FORD FIESTA VI, C MAX II ",155.76,
280,446758,ALTERNATOR MARUTI ALTO LXI (<2010) ,73.41,
281,446759,ALTERNATOR NISSAN MICRA PETROL ,79.11,
282,446760,ALTERNATOR NISSAN SUNNY PETROL ,82.72,
283,446762,ALTERNATOR TOYOTA ETIOS LIVA ,101.74,
284,446763,ALTERNATOR MARUTI ALTO 800 ,83.15,
285,446764,ALTERNATOR HYUNDAI i20 DIESEL ,156.06,
286,446765,ALTERNATOR HYUNDAI VERNA DIESEL ,128.92,
287,406523,Starter Grand i10 Dsl ,149.91,
288,406524,Starter Creta Hyundai/ Elantra ,168.14,
289,432644,Starter for Dodge Sprinter 2004-03 ,168.99,
290,437173,AUDI SG12B025 ALTERNATOR ,337.17,
291,438013,STARTER NEW D7R24 VALEO TATA ,136.17,
292,438076,Starter for Volkswagen Beetle 2006-98 ,145.89,
293,438145,STARTER NEW - FIAT GROUP ,139.82,
294,438171,"Starter Golf V 1.4/2.0Fsi, 1.9 Tdi 2003- ",121.58,
295,438225,NEW STARTER VW ,192.50,
296,438265,NEW STARTER MERCEDES ,177.74,
297,438280,NEW STARTER FOR MERCEDES ,632.21,
298,439260,AUDI SG12B025 ALTERNATOR ,280.58,
299,439429,ALTERN PEUGEOT 206 CLIO KANGOO TWINGO ,220.80,
300,439431,ALTERN CLIO KANGOO SCENIC MEGANE 1P6 ,218.86,
301,439471,Alternator for Mercedes C230 2005-03 ,287.89,
302,439481,Alternator New - VAG ,155.61,
303,439485,Alt BMW 335d 3.0L 06-10 M5/M6 06-10 ,375.20,
304,439527,ALT Audi A6 Serie ,437.70,
305,439535,ALT Audi A6 Serie ,389.05,
306,439541,Alternator for Audi A6 2004 ,342.47,
307,439546,Alt Freightliner Sprinter 3.0L 2010-12 ,332.65,
308,439560,Alternator for BMW 323i 2006 ,409.33,
309,439561,ALT Hyundai Tiburon ,249.47,
310,439600,NEW ALTERNATOR ,323.45,
311,439606,Alternator BMW X5 3.0L Diesel 09-13 ,476.20,
312,439608,Alternator for Audi A3 2005 ,271.45,
313,439613,New alternator ,409.33,
314,439620,AUDI SG12B025 ALTERNATOR ,337.17,
315,439640,Alternator for BMW X6 2008 ,450.61,
316,439642,ALTERNATOR AUDI A4 SERIE 3/A5 ,279.03,
317,439653,Alternator assly Mercedes C300 GLK350 3.0/3.5 09-11 ,347.12,
318,439671,NE ALT MERCEDES ,279.65,
319,439679,NEW ALT MERCEDES CLASSE C ,348.54,
320,439719,alternator New VW ,230.56,
321,439738,NEW ATERNATOR MERCEDES ,313.42,
322,439769,NE ALT ,327.85,
323,439777,ALT NE AUDI ,501.53,
324,439910,ALTERNATOR TG12C129-B299 DV5 ,191.71,
325,440106,SE ALTERNATOR BMW ,306.23,
326,458220,STARTER AUDI A4 ALL ROAD EXCH ,241.13,
327,593503,DIODE BRIDGE ,68.56,
328,594112,ARMATURE ,68.56,
329,594391,SOLENOID SWITCH ,64.39,
330,594394,BRUSHES BOX WASHERS ,47.77,
331,594699,PINION DRIVE ,93.47,
332,595379,405,29.08,
333,595457,BUILT-IN REGULATOR TG16C010 ,31.15,
334,595458,BUILT IN REGULATOR ,62.32,
335,599095,BUILT-IN REGULATOR FG18S011 ,103.85,
336,599101,REGULATEUR TG17C010-048 ,43.62,
337,599232,BUILT-IN REGULATOR TG23C011 ,99.71,
338,599302,Built-in Regulator TG15C130 ,68.56,
339,599316,220,22.84,
340,600017,ALT Hyundai Atos FL 1.0i 12V ,124.25,
341,600028,New alternator ,112.41,
342,600084,Str Hyundai Accent Kia Rio 1.6 05-10 MT ,91.76,
343,600100,NEW Alternator Chevrolet Aveo / Daewoo K ,120.44,
344,600110,Str Hyundai Elantra Tiburon 2.0 96-05 MT ,114.70,
345,600122,ALT. BOBCAT 1G 13.5V 90A SG9K ,175.16,
346,600189,STR Bobcat Loader S175/185/250 02-03 ,218.86,
347,600197,ALT NE - ,125.73,
348,600201,ALT i20 Petrol ,143.38,
349,600216,"Starter Assly, Hyundai Elantra petrol ",126.74,
350,600252,"NE STA Actyon, Korando, Rexton ",216.03,
351,600257,Starter assly Hyundai i10 Petrol ,114.70,
352,600708,New Sta Chevrolet Captiva ,149.11,
353,600712,"New Alt Cerato, Rio, Sportage ",105.52,
354,600713,New Alternator Accent Getz Cerato ,151.93,
355,600714,"New Starter Accent,Getz,i10,Matrix ",126.17,
356,600716,New Alternator Hyundai i20 ,143.38,
357,600717,"New Starter Getz,i20,i30,ix20 Ceed ",97.50,
358,600718,"NEW STA Hyundai Elantra, i20, i30 ",99.26,
359,600719,"New Alternator Accent,i30 Cerato ",158.29,
360,600722,"New Alternator Getz, i10 / Kia Picanto ",143.38,
361,600724,"New Alternator i20 / Kia Ceed, Soul ",139.93,
362,600740,"NEW STA Hyundai Getz, i10, i20, i30 ",158.66,
363,600741,NEW ALT Hyundai i10 ,113.55,
364,600742,"NEW ALT Hyundai Coupe?, Highway Van ",162.87,
365,600743,NEW ALT TUCSON DIESEL IX 2.0 ,189.26,
366,600794,VERNA FLUIDIC PETROL STARER ,104.26,
367,600795,Hyundai 90Amps alternator ,150.54,
368,600796,ALT Grand i10 ,146.82,
369,691601,Rectifier - Hyundai i20 ,25.51,
370,691604,Regulator - Hyundai i20 ,16.76,
371,691611,Regulator - Hyundai i20 ,18.34,
372,691613,Rectifier - Hyundai Accent Petrol ,21.69,
373,691615,Regulator - Hyundai Accent Petrol ,17.45,
374,691618,Rectifier - Hyundai i10 ,22.34,
375,691620,Regulator - Hyundai Verna DSL Old ,17.19,
376,691624,Rectifier - Hyundai Verna DSL Old ,25.28,
377,691638,Regulator - Chevrolet Aveo ,16.65,
378,691639,Rectifier - Chevrolet Aveo ,33.24,
379,691655,REGULATOR ASS'Y.MELROE NEW ,18.59,
380,691656,RECTIFIER ASS'Y.MELROE 90A ,21.12,
381,691869,"Armature Assly, Hyundai Elantra/ i20/ Accent ",27.05,
382,691870,BRUSH KIT (STR) TS ,5.88,
383,691872,"Solenoid Switch, Hyundai Elantra/ i20/ Accent ",15.29,
384,691874,Brush holder - Hyundai i10 ,5.88,
385,691876,Solenoid Switch - Hyundai i10 ,12.64,
386,691877,"Armature Assy Hyundai Getz, i20, i30, ",24.98,
387,691878,Brush holder - Hyundai i20 ,8.41,
388,691880,Solenoid Switch - Hyundai i20 ,19.60,
389,691901,ARM ASS'Y. MELROE 700 ,50.73,
390,691903,M/SWITCH ASS'Y.MELROE ,33.02,
391,691904,Y/B/HOLDER ASS'Y.MELROE ,62.29,
392,691905,O R C ASS'Y.MELROE ,27.67,
393,691910,Brush holder - Hyundai Accent/getz ,6.17,
394,691912,Solenoid Switch - Hyundai Accent/getz ,19.99,
395,691913,"Armature Assy Hyundai Accent, Getz, i10 ",26.45,
396,691914,Brush holder - Hyundai Elantra ,5.88,
397,691916,Solenoid Switch - Hyundai Elantra ,15.99,
398,691929,REGULATOR ,16.20,
399,691930,RECTIFIER ,18.63,
400,691931,REGULATOR ,17.98,
401,691932,REGULATOR ,16.71,
402,691933,RECTIFIER ,29.24,
403,691934,REGULATOR ,16.83,
404,691935,ORC DRIVE ,17.77,
405,691936,BRUSH HOLDER STARTER ,7.97,
406,691937,ARMA TURES ,34.64,
407,691938,ORC DRIVE ,12.61,
408,691939,ORC DRIVE ,10.46,
409,691940,ORC DRIVE ,12.55,
410,691941,ARMA TURES ,34.16,
411,161100,CLUTCH COVER HCV AMW ,153.38,
412,161200,CLUTCH DISC TRACTOR TAFE EAGLE ,31.73,
413,161202,CLUTCH DISC PV NISSAN SUNNY (P) ,32.43,
414,161401,CLUTCH SET 2P PV TATA INDICA DIESEL ,33.56,
415,161402,CLUTCH SET 2P PV TATA INDIGO DIESEL ,48.46,
416,161403,CLUTCH SET 2P TRACTOR TAFE EAGLE ,72.90,
417,161404,CLUTCH SET 2P PV MSIL SWIFT DIESEL ,64.53,
418,404506,CLUTCH SET 2P PV HYUNDAI SANTRO ,17.26,
419,404507,CLUTCH SET 2P PV HYUNDAI GETZ ,26.61,
420,404508,CLUTCH SET 2P PV MSIL NEW VERSA YG8 ,20.76,
421,404509,CLUTCH SET 2P LCV TATA ACE ,27.94,
422,404510,CLUTCH SET 2P PV MSIL SWIFT PETROL ,37.07,
423,404511,CLUTCH SET 2P TRACTOR MAHINDRA SWARAJ 73 ,27.33,
424,404513,CLUTCH SET 2P PV MSIL 800 CAR ,39.72,
425,404514,CLUTCH SET 2P PV MSIL ZEN ,23.16,
426,404515,CLUTCH SET 2P PV MSIL OMNI ,46.10,
427,404516,CLUTCH SET 2P PV MSIL ALTO/WAGON-R ,29.00,
428,404517,CLUTCH SET 2P PV MSIL BALENO/ ESTEEM ,28.45,
429,404519,CLUTCH SET 2P PV MSIL ALTO STD LX ,41.26,
430,404521,CLUTCH SET 2P PV MSIL NEW WAGON-R YR9 ,42.97,
431,404522,CLUTCH SET 2P PV TATA INDICA/INDIGO PETR ,54.56,
432,404523,CLUTCH SET 2P PV TATA TCIC ,76.13,
433,404524,CLUTCH SET 2P PV FIAT FIRE ,68.38,
434,404525,CLUTCH SET 2P TRACTOR M&M H2 ,60.64,
435,404526,CLUTCH SET 2P PV FIAT LINEA ,60.63,
436,404527,CLUTCH SET 2P PV FORD FIGO ,73.37,
437,404529,CLUTCH SET 2P PV FORD IKON / FIESTA ,20.97,
438,404530,CLUTCH SET 2P TRACTOR M&M H1 ,27.87,
439,404531,CLUTCH SET 2P PV M&M CHAMPION ,33.73,
440,404532,CLUTCH SET 2P PV TATA NEW INDICA VISTA ,45.55,
441,404534,CLUTCH SET 2P LCV M&M MAXIMO ,26.03,
442,404535,CLUTCH SET 2P PV HYUNDAI I10 EP ,29.44,
443,404536,CLUTCH SET 2P PV HYUNDAI I10 KP ,39.93,
444,404537,CLUTCH SET 2P PV TATA WINGER TC ,59.99,
445,404538,CLUTCH SET 2P PV TATA WINGER NA ,57.98,
446,404539,CLUTCH KIT 3P LCV M&M CHAMPION ,31.98,
447,404541,CLUTCH KIT 3P PV MSIL ALTO STD LX ,36.83,
448,404542,CLUTCH KIT 3P LCV TATA ACE ,35.65,
449,404543,CLUTCH KIT 3P PV TATA INDICA DIESEL ,40.34,
450,404544,CLUTCH KIT 3P PV TATA INDIGO DIESEL ,56.28,
451,404545,CLUTCH KIT 3P PV TATA TCIC ,49.99,
452,404546,CLUTCH KIT 3P PV MSIL SWIFT PETROL ,43.37,
453,404547,CLUTCH KIT 3P PV MSIL OMNI ,31.90,
454,404548,CLUTCH KIT 3P PV MSIL ZEN ,34.98,
455,404549,CLUTCH KIT 3P PV MSIL BALENO/ ESTEEM ,45.36,
456,404550,CLUTCH KIT 3P PV MSIL ALTO/WAGON-R ,36.18,
457,404553,CLUTCH SET 2P LCV TATA ACE-1 TON ,44.29,
458,404578,CLUTCH SET 2P LCV ASHOK LEYLAND -DOST ,40.11,
459,404599,CLUTCH SET 2P PV MSIL A-STAR ,30.52,
460,404601,CLUTCH SET 2P PV TATA NANO ,18.95,
461,404602,CLUTCH SET 2P LCV TATA IRIS ,18.68,
462,404612,CLUTCH SET 2P HCV TATA 709 TURBO ,79.83,
463,404620,CLUTCH SET 2P PV HYUNDAI EON ,22.80,
464,404700,CLUTCH COVER TRACTOR M&M H1 ,41.73,
465,404701,CLUTCH COVER TRACTOR TAFE EAGLE ,41.54,
466,404702,CLUTCH COVER TRACTOR M&M H2 ,42.87,
467,404703,CLUTCH COVER HCV ALL ,148.63,
468,404708,CLUTCH COVER TRACTOR MAHINDRA SWARAJ 735 ,40.34,
469,404709,CLUTCH COVER AL LCL 380 DIA ,149.17,
470,404712,CLUTCH COVER HCV TATA 709 TURBO ,42.94,
471,404719,Cover Assy Maruti Model KP ,16.39,
472,404724,CLUTCH COVER TRACTOR MAHINDRA YUVRAJ ,20.15,
473,404727,Cover Assy HCV M&M Navistar ,168.92,
474,404745,CLUTCH COVER TRACTOR MAHINDRA ARJUN ,53.35,
475,404749,CLUTCH COVER PV NISSAN SUNNY (P) ,33.87,
476,404802,CLUTCH DISC PV MSIL ALTO/WAGON-R ,18.02,
477,404805,CLUTCH DISC PV MSIL OMNI ,11.03,
478,404812,CLUTCH DISC TRACTOR M&M H1/H2 ,32.01,
479,404814,CLUTCH DISC HCV ALL ,113.04,
480,404817,CLUTCH DISC PV FORD IKON ,28.77,
481,404818,CLUTCH DISC LCV TATA ACE ,15.29,
482,404820,CLUTCH DISC PV TATA SUMO-UNIV ,26.98,
483,404825,CLUTCH DISC PV TATA WINGER NA ,25.07,
484,404826,CLUTCH DISC PV TATA WINGER TC ,27.67,
485,404831,CLUTCH DISC LCV M&M MAXIMO ,13.52,
486,404836,CLUTCH DISC TRACTOR MAHINDRA SWARAJ 735 ,23.81,
487,404845,CLUTCH DISC TRACTOR MAHINDRA ARJUN ,53.06,
488,404847,CLUTCH DISC PV MSIL SWIFT DIESEL ,25.03,
489,404848,CLUTCH DISC PV NISSAN MICRA PETROL ,24.87,
490,404850,CLUTCH DISC TRACTOR TAFE 1035 ,24.95,
491,404859,Disc Assy HCV M&M Navistar (380 Dia) ,79.91,
492,404860,Disc Assy HCV M&M Navistar (395 Dia) ,96.13,
493,404867,CLUTCH DISC HCV AMW-ESSAR-8 PAD ,119.76,
494,404868,CLUTCH DISC HCV AMW-ESSAR-6 PAD ,88.54,
495,404872,CLUTCH DISC TRACTOR MAHINDRA YUVRAJ ,16.17,
496,404873,CLUTCH DISC TRACTOR SWARAJ 735XM ,40.52,
497,404875,CLUTCH DISC TRACTOR SWARAJ 855 ,52.70,
498,404883,CLUTCH DISC LCV LEYLAND DOST ,20.22,
499,404899,CLUTCH DISC LCV TATA 709 TURBO ,33.16,
500,404902,CLUTCH CRB PV MSIL /TATA ACE/ MATIZ ,7.38,
501,404903,CLUTCH CRB PV MSIL OMNI ,8.77,
502,404904,CLUTCH CRB PV TATA INDICA PET/DSL/TCIC ,7.58,
503,404905,CLUTCH CRB HCV ALL (X0205310A) ,47.99,
504,404945,CLUTCH DISC HCV TATA 2515 (380 DIA) ,74.18,
505,404946,CLUTCH COVER HCV TATA 2515 (380 DIA) ,150.52,
506,843104,Clutch Cover - M&M Bolero ,33.57,
507,843114,"Clutch Cover Eicher Canter, Tata 1312 ",51.90,
508,843115,Clutch Cover (3 Lever) Tata 1613 ,70.05,
509,843116,Clutch Cover (4 Lever) Tata 1613/Eicher ,64.60,
510,843117,Clutch Cover TML 25T GB-50 Lipe with CRB ,119.68,
511,843118,Clutch Cover TML 25T GB-60 Lipewith CRB ,119.68,
512,843119,Clutch Cover Tata 2516 (GB75) ,130.55,
513,843120,"Clutch Cover Eicher Canter, Tata 1312 ",57.87,
514,843204,Clutch Disc - M&M Bolero Pickup ,22.83,
515,843212,Clutch Disc Tata 407 Turbo ,19.29,
516,843213,Clutch Disc Tata 709 Turbo ,28.49,
517,843214,"Clutch Disc Eicher Canter, Tata 1312 ",28.56,
518,843215,Clutch Disc Tata 1613(Fan Type 7 Spring) ,50.32,
519,843216,Clutch Disc Tata 1613 ,34.44,
520,843217,Clutch Disc Tata 25 T - GB50 ,53.74,
521,843218,Clutch Disc Tata 25 T - GB60 ,53.74,
522,843219,Clutch Disc Tata 2516 (GB75) ,59.60,
523,843220,Clutch Disc Tata 2516 (GB75) ,74.50,
524,843221,Clutch Disc Leyland Hino/Tusker ,36.19,
525,843222,Clutch Disc Leyland Hino/Tusker ,35.36,
526,843223,Clutch Disc Leyland ,64.06,
527,843224,Clutch Disc Leyland/AMW ,63.72,
528,843225,Clutch Disc - Ashok Leyland 380 Organic ,77.42,
529,843226,Clutch Disc Ceramic AL (380 dia) ,65.67,
530,843227,Clutch Disc Organic AL (380 dia) ,44.11,
531,843228,Clutch Disc - Ashok LeyLand 380 Org 1.75 ,77.47,
532,843232,Repair Kit -AMW 380 Ceramic Pad ,214.19,
533,843233,Clutch Kit - Hyundai Verna Petrol ,48.59,
534,843234,AL 380 Ceramic 1.5'' Spline ,66.82,
535,843235,AL 380 Ceramic 1.75'' Spline ,67.94,
536,843350,Lever Kit Tata 1613 ,10.41,
537,843351,SPRING KIT HCV TATA 1613 (3L) ,6.89,
538,843352,SPRING KIT HCV TATA 1613 (4L) ,8.34,
539,843353,Pressure Plate Tata 1613 ,25.49,
540,843354,Pressure Plate Tata 1613 ,25.17,
541,843355,Lever Kit Tata 25 T - GB60 ,17.03,
542,843356,Spring kit Tata 25 T - GB60 ,12.07,
543,843357,Pressure Plate Tata 25 T - GB60 ,34.00,
544,843358,Lever Kit Tata 2516 (GB75) ,17.74,
545,843359,Spring kit Tata 2516 (GB75) ,14.90,
546,843360,Pressure Plate Tata 2516 (GB75) ,40.56,
547,843361,LEVER KIT HCV TATA 1613 (3L) ,14.88,
548,843572,CLUTCH SET 2P LCV - TATA 407 BSII ,53.08,
549,843576,CLUTCH SET 2P PV NISSAN MICRA PETROL ,52.33,
550,843577,CLUTCH SET 2P PV NISSAN SUNNY PETROL ,54.95,
551,843580,Clutch Set - Toyota Innova ,63.03,
552,843582,CLUTCH SET 2P SCORPIO & XYLO MHAWK ,71.69,
553,843584,Clutch Kit 2P - Chevrolet Tavera 2L D ,50.18,
554,843586,CLUTCH SET 2P PV M&M BOLERO ,50.06,
555,843610,"CLUTCH SET 2P PV SCORPIO TC/CRDE, XYLO C ",54.47,
556,843615,Clutch Set 2P LCV - Mahindra Loadking ,60.41,
557,843620,Clutch Set Bajaj 3 W 5 Gear ,18.21,
558,843621,CLUTCH SET 2P TRACTOR SONALIKA 745 ,80.59,
559,843622,CLUTCH SET 2P TRACTOR ESCORTS FT/PT 45/6 ,79.36,
560,843625,Clutch Set 2P LCV - M&M BOLERO PICKUP/ M ,48.13,
561,843626,Clutch Set 2P PC - Maruti Alto 800 ,26.43,
562,843627,Clutch Kit 2P - Chevorolet Beat 1.2L P ,39.04,
563,843628,Clutch Kit 2P - Chevrolet Spark Petrol ,36.47,
564,843629,Clutch Kit 2P - Toyota Etios 1.4L Diesel ,73.95,
565,843630,Kit 2P - Tata Sumo 3.0L Diesel ,54.33,
566,843631,Clutch Set - TATA ZEST / BOLT Petrol ,41.79,
567,843632,Clutch set - Mahindra Quanto ,51.09,
568,843635,Clutch Kit 2P - Nissan Sunny 1.5L 215Dia ,100.52,
569,843636,Clutch Kit-Bajaj 3 ,18.39,
570,843637,Clutch Kit 2P - Mahindra Tourister CRDE ,60.38,
571,843638,Clutch Set - Mahindra Supro Van / Truck ,35.91,
572,843639,Clutch Set - Mahindra Jeeto ,25.92,
573,843640,Clutch Set - Mahindra KUV 100 ,51.87,
574,843641,Clutch Set - Maruti Baleno ,39.84,
575,843642,Clutch Set - TATA TIAGO ,46.12,
576,843644,Clutch 2P Kit - Piaggio Porter 1000 ,34.73,
577,843645,Clutch 3P Kit - Piaggio Porter 1000 ,41.21,
578,843646,Clutch Set-TML Ace Dicore TCIC ,40.42,
579,843647,Clutch Set - TML Ace Dicore NA ,40.42,
580,843648,Hyundai Verna Fludic/Creta Diesel ,92.91,
581,843649,Hyundai Verna Fludic Petrol ,73.09,
582,843650,Honda Amaze/Mobilio/Jazz Diesel ,73.71,
583,843651,Clutch set - Maruti Suzuki Celerio petrol ,29.21,
584,843703,Clutch Cover - TATA 407 Turbo/207DI ,33.16,
585,843708,Clutch Cover - M&M Scorpio CRDE ,34.70,
586,843718,Clutch Cover - M&M Bolero Pickup ,33.57,
587,843722,MF 241 Dual clutch cover ,160.51,
588,843803,Clutch Disc - TATA 407 Turbo/207DI ,24.30,
589,843808,Clutch Disc - M&M Scorpio CRDE ,23.66,
590,843815,Disc Assy - Sonalika 280YB ,31.30,
591,843816,Disc Assy - ESCORTS 280 ,32.28,
592,843822,Clutch Disc Rigid (Organic)Tractor MF241 ,39.65,
593,843823,Clutch disc Spring Ceramic Tractor MF241 ,79.02,
594,843824,Clutch disc rigid Ceramic Tractor MF241 ,54.37,
595,843961,Cover assy Leyland 14” Ashok leyland ,106.67,
596,843962,Cover assy Leyland 15” ,111.16,
597,843966,Cover Assly TATA 2515/2516/3515 ,96.97,
598,843979,Clutch Set 2P - Hyundai Grand i10 1.2L P ,35.02,
599,843980,CMC - TATA ZEST / BOTL DIESEL / INDICA ,25.52,
600,843981,Cover Assy - AL 380 DBE DOWEL ,139.57,
601,843982,DISC ASSY-12M AL 380 L11X1100 ,93.79,
602,843983,DISC ASSY - 12M 380 L11X1350 ,93.79,
603,843984,Cover Assy - M&M YUVRAJ NXT ,19.38,
604,843985,Disc Assy - YUVRAJ NXT 200X F510MC ,23.73,
605,843986,Cover Assy- TAFE COMPACT 26 HP ,24.44,
606,843987,Disc Assy- TAFE COMPACT 26 HP ,24.94,
607,843988,Cover Assembly - TATA 380 Dia (TTM / Valeo OE) ,134.89,
608,843989,Disc Assy - TATA 380 L 11X1350/F510 (TTM / Valeo OE) ,76.86,
