Sno,Partno,Description,Price
1,25820715,NOZZLE ASSEMBLY ,13.78
2,28211055,SNUBBER ASSY / DV HOLDER ,9.01
3,28234494,ASSY DELIVERY VALVE ,2.5
4,28254103,CAM & SCROLL PLATE SET ,80.81
5,28282141,CARRIAGE RETURN SPRING ,1.21
6,28282146,PIN SPRING GUIDE ,2.23
7,28290723,CAM & SCROLL PLATE KIT ,80.81
8,28292808,ASSY HYD HEAD AND ROTOR + MV ,133.61
9,28298372,NOZZLE ASSY JCB - 55KW ,13.78
10,28301505,CAM TORQUE TRIMMER ,2.95
11,28305089,NOZZLE ASSY ,11.82
12,28312058,CAM & SCROLL PLATE KIT ,80.81
13,28327829,SCROLL PLATE ,3.44
14,28363769,SOLENOID 12 VOLT (28363769 superseded 7185-900G) ,9.25
15,28435359,TORQUE TRIMMER CAM ,2.66
16,28445378,LINK HOOK SPRING ,7.62
17,28506616,JCB PUMP 56kW (SIX GOVERNOR WEIGHTS ) ,499.52
18,28514634,PUMP 56kW BS3 PUMP SFC UPGRADE ,499.52
19,28523703,ROTARY PUMP - 68 KW ( 6 GOV WEIGHT) (S/S 9520A920G) ,532.81
20,128/12-LD ,PROTECTION CAP ,0.22
21,28435359A ,CAM TORQUE TRIMMER ,2.62
22,2FSG6300B040A ,TWIN FILTER ASSEMBLY WITH HAND PRIMER ,27.25
23,2FSG6300B070A ,ASSY DOUBLE FUEL FILTER ,28.95
24,2FSG6300B080A ,TWIN FILTER ASSEMBLY WITH HAND PRIMER ,24.36
25,5001-009C ,DOUBLE SPRING WASHER ,3.18
26,5330-352 ,NYLOCK NUT ,0.49
27,5330-362B ,CAP NUT ,1.78
28,5330-362C ,CAP NUT ,1.85
29,5334-245 ,DRIVE PLATE SCREW ,5.94
30,5334-274F ,SCREW ,1.36
31,5334-277 ,SCREW HEX-HEAD ,1.51
32,5334-291C ,SCREW ,3.21
33,5334-315D ,SCREW ,2.53
34,5334-332A ,VENT SCREW ,4.24
35,5334-332C ,VENT SCREW ,4.24
36,5335-684 ,ROTOR PLUG SCREW ,1.82
37,5335-686B ,FIXING SCREW - DRIVE HUB ,2.5
38,5339-235D ,SHAKEPROOF WASHER ,0.45
39,5339-509 ,WASHER (CRCA WASHER) ,0.49
40,5339-874 ,WASHER ,0.61
41,5339-964 ,WASHER ,0.83
42,5855-030 ,"""O"" RING SEAL (CENTER BOLT) ",1.17
43,5855-030BB ,O RING ,0.83
44,5855-030BD ,O RING ,0.91
45,5855-030G ,"""O"" RING SEAL (FILTER HEAD)) ",1.13
46,5855-030GH ,O`RING ,1.21
47,5855-030GT ,O RING ,0.19
48,5936-007 ,WASHER ,1.4
49,5936-124 ,THRUST WASHER ,8.55
50,5936-124A ,THRUST WASHER ,8.55
51,5936-298 ,SHIM ,1.96
52,5936-313A ,WASHER (MINI-MAX) ,0.49
53,5936-328 ,WASHER LINKAGE HOOK ,7
54,5950-064A ,CIRCLIP ,4.32
55,7014-363 ,PROTECTION CAP ,1.82
56,7014-615WA ,NOZZLE ASSY ,11.82
57,7022-180D ,WASHER SEALING ,4.65
58,7022-180M ,SEALING WASHER ,9.69
59,7022-180S ,WASHER ,12.52
60,7111-679 ,WASHER ,1.55
61,7111-700 ,THUMB SCREW ,1.55
62,7111-843 ,SEALING RING (TOP) ,2.12
63,7111-853 ,SEALING RING (BOTTOM) ,2.12
64,7123-015G ,PISTON ,9.61
65,7123-018F ,TRANSFER PUMP ROTOR ,11.62
66,7123-033E ,REGULATING SPRING ,1.59
67,7123-082C ,SPRING RETAINER ,1.06
68,7123-093A ,GUIDE IDLING SPRING ,5.94
69,7123-094E ,SPRING ,2.12
70,7123-094G ,SPRING ALL SPEED ,7.57
71,7123-094J ,SPRING GOVERNOR ,7.57
72,7123-094K ,SPRING ALL SPEED ,2.31
73,7123-388A ,T P BLADE ,8.46
74,7123-432 ,WEIGHT RETAINER -MM ,9.24
75,7123-439 ,SPRING ,3.86
76,7123-571 ,SUPPORT WASHER ,4.27
77,7123-620 ,NYLON FILTER ,4.92
78,7123-620A ,FILTER END PLATE ,5
79,7123-691 ,RUBBER INSERT ,1.75
80,7123-728E ,DUST CAP ,0.8
81,7123-770K ,ASSY THROTTLE SHAFT ,14.59
82,7123-770U ,ASSY THROTTLE SHAFT/LINK ,3.78
83,7123-898J ,SPRING GOVERNOR ,1.27
84,7123-898X ,SPRING GOVERNOR ,1.06
85,7123-914H ,GOVERNOR WEIGHT ,3.75
86,7135-072S ,X ROLLER & SHOE KIT ,13.53
87,7135-108 ,T P BLADE/SPRING KIT (consists of 4 blades + 2 springs) ,6.63
88,7135-110 ,OVERHAUL KIT ,13.86
89,7135-114 ,OVERHAUL KIT ,13.86
90,7135-270B ,X SPRING LINK ,5.07
91,7135-354N ,ASSY END PLATE ,14.27
92,7135-492A ,DRIVE SHAFT ,46.06
93,7139-010A ,SPRING START RETARD ,3.21
94,7139-043 ,SEALING RING ,2.2
95,7139-540 ,TP LINER ,4.9
96,7139-566A ,SPRING GOVERNER LINK ,7.88
97,7139-726 ,THRUST SLEEVE INSERT ,6.39
98,7139-755B ,SPACER ,1.69
99,7167-089A ,THRUST SLEEVE ,3.14
100,7167-299 ,SCREW 10X32 UNF-2A ,0.98
101,7167-386 ,DOWEL ,8.63
102,7167-409 ,CAM ROLLER ASSY ,13.49
103,7167-414 ,TOP CHECK PLATE ,6.93
104,7167-414A ,CHECK PLATE (TOP) ,6.93
105,7167-415 ,CHECK PLATE (BOTTOM) ,6.77
106,7167-667A ,SCREW ,1.17
107,7167-983A ,SPRING GUIDE ,1.66
108,7169-346 ,SPRING SEAT ,7.04
109,7169-376C ,LCR NOZZLE HOLDER BODY ASSY ,9.39
110,7169-376D ,LCR NOZZLE HOLDER BODY ASSY ,8.7
111,7169-380 ,ADAPTOR PLATE ,4.73
112,7169-394B ,LCR NOZZLE HOLDER CAPNUT ,2.15
113,7169-519A ,SEALING WASHER ,3.02
114,7169-560GB ,SHIM - 0.42 MM ,7.19
115,7169-560GC ,SHIM - 0.44 MM ,7.19
116,7169-560GD ,SHIM - 0.46 MM ,7.19
117,7169-560GE ,SHIM - 0.48 MM ,7.19
118,7169-560GF ,SHIM - 0.50 MM ,7.19
119,7169-560GG ,SHIM - 0.52 MM ,7.19
120,7169-560KB ,SHIM ,12.64
121,7169-560KC ,SHIM ,12.64
122,7169-560KD ,SHIM ,12.64
123,7169-560KE ,SHIM ,12.64
124,7169-560KF ,SHIM ,12.64
125,7169-560KG ,SHIM ,12.64
126,7169-560KH ,SHIM ,12.64
127,7169-560KJ ,SHIM ,12.64
128,7169-560KK ,SHIM ,12.64
129,7169-560KM ,SHIM ,12.64
130,7169-560KN ,SHIM ,12.64
131,7169-560KP ,SHIM ,12.64
132,7169-560KR ,SHIM ,12.64
133,7169-560KS ,SHIM ,12.64
134,7169-560KT ,SHIM ,12.64
135,7169-560KU ,SHIM ,12.64
136,7169-560KV ,SHIM ,12.64
137,7169-575 ,CIRCLIP ,1.25
138,7169-664E ,NOZZLE CAP NUT ,2.69
139,7169-667 ,ADAPTOR PLATE ASSY ,2.78
140,7169-668 ,SPRING SEAT ,27.71
141,7169-669 ,SPRING ,3.21
142,7169-723 ,DOWEL PIN ,2.53
143,7169-723A ,DOWEL PIN ,5.71
144,7169-723D ,DOWEL PIN ,1.96
145,7169-830 ,NOZZLE HOLDER BODY ASSY ,35.23
146,7169-857AC ,IDENT RING ,0.11
147,7169-858AD ,PROTECTION CAP-PALE BROWN ,1.82
148,7169-858AE ,PROTECTION CAP - HP ,1.82
149,7174-073G ,ASSY GOVERNOR WT ,20.86
150,7174-349A ,SCREW SPACER ,1.78
151,7174-350A ,SCREW ,0.91
152,7174-535 ,GUIDE ,2.58
153,7174-545B ,WASHER ,0.57
154,7174-594J ,SCREW ,2.04
155,7174-594P ,SCREW (ANTI-STALL) ,3.67
156,7174-637 ,NUT NYLOC M6 ,0.98
157,7174-637D ,NUT ,3.29
158,7174-641C ,SEMI BALL JOINT ,1.4
159,7174-641F ,BALL JOINT ,1.25
160,7174-648A ,SPRING AUX IDLE ,6.93
161,7174-660AB ,HEAD LOCATING FITTING ,1.55
162,7174-797 ,CIRCLIP ,1.93
163,7174-798 ,SCREW M4X0.7-6G ,2.04
164,7174-813 ,PACKING RING ,2.01
165,7174-839 ,SCREW IDLE ACTUATOR ,1.82
166,7174-856 ,OIL SEAL DRIVE SHAFT ,1.03
167,7174-895C ,SCREW TORX ,6.93
168,7174-895D ,SCREW TORX ,0.76
169,7174-917B ,LOCKNUT ,1.29
170,7174-917C ,LOCK NUT ,0.38
171,7177-371 ,PLATE RETAINER ,0.76
172,7180-024 ,PROTECTION CAP ,0.26
173,7180-055B ,INSPECTION WINDOW ,0.98
174,7180-147A ,SANDWICH PLATE ,7.38
175,7180-316 ,WASHER ,0.98
176,7180-348P ,CONNECTION FUEL INLET ,16.24
177,7180-453 ,GASKET E.P SLEEVE ,9.01
178,7180-738A ,WASHER SEALING ,6.93
179,7180-881 ,CAP PROTECTION ,4.39
180,7182-014E ,ASSY GOVERNOR ARM & SPRING ,9.88
181,7182-019M ,BEARING CARRIER ,4.24
182,7182-020C ,SPIROL PIN ,0.56
183,7182-022A ,STUD ,8.52
184,7182-023 ,SCREW GOVERNOR BRACKET ,5.11
185,7182-023A ,SCREW GOVERNOR BRACKET ,14.42
186,7182-034 ,BLADE CONNECTOR ,0.76
187,7182-040 ,SHOE SPACER LONG ,1.59
188,7182-051B ,SPRING GUIDE ,2.46
189,7182-052A ,IDLE SPRING ,3.26
190,7182-076 ,TP Blade / Spring kit (set of 4 Nos) ,6.02
191,7182-078 ,SPRING SPLIT BLADE ,3.43
192,7182-123A ,LEVER FAST IDLE ,2.08
193,7182-124 ,FAST IDLE ACTUATOR ,1.32
194,7182-131D ,CONTROL BRACKET ,5.83
195,7182-159 ,SPRING MAX FUEL BIAS ,3.89
196,7182-216 ,WASHER ,4.27
197,7182-234 ,FILTER ,8.57
198,7182-245 ,TRANSFER PUMP ROTOR ,11.62
199,7182-245A ,TP ROTOR ,3.37
200,7182-299 ,CIRCLIP INTERNAL ,0.42
201,7182-301J ,X AA HOUSING & PISTON ,26.87
202,7182-303C ,A.A PISTON ,10.48
203,7182-304A ,SCREW FAST IDLE ,6.51
204,7182-352A ,SCREW M4X0.7-6G ,1.59
205,7182-397 ,IDLE LEVER BOLT ,5.83
206,7182-411 ,SHAFT FAST IDLE ,3.18
207,7182-447AE ,ASSY DELIVERY VALVE ,7.8
208,7182-447Q ,ASSY DELIVERY VALVE ,5.46
209,7182-447R ,DELIVERY VALVE ,8.44
210,7182-447U ,DELIVERY VALVE ,10.71
211,7182-447Y ,ASSY DELIVERY VALVE ,9.12
212,7182-468 ,SPRING ,0.98
213,7182-505 ,SHOE PLATE ,4.99
214,7182-513 ,THRUST WASHER ,5.52
215,7182-513A ,THRUST WASHER ,5.52
216,7182-513B ,SHIM (DRIVE SHAFT) ,5.75
217,7182-513BA ,THRUST WASHER ,5.75
218,7182-513C ,THRUST WASHER ,5.52
219,7182-513CB ,THRUST WASHER ,5.52
220,7182-513D ,SHIM (DRIVE SHAFT) ,5.75
221,7182-513DC ,THRUST WASHER (NOTE-26-A1) ,5.52
222,7182-513E ,THRUST WASHER ,5.52
223,7182-513ED ,THRUST WASHER (NOTE-26-A1) ,5.52
224,7182-543 ,CATCH PLATE ,3.74
225,7182-562 ,WASHER TAB ,0.95
226,7182-569A ,SCREW BLANKING ,0.76
227,7182-577E ,ADJUSTER STROKE ,8.6
228,7182-577G ,ADJUSTER STROKE ,8.6
229,7182-582 ,SEAL VALVE PLATE ,0.8
230,7182-584B ,SHIM BOOST 0.5MM ,7.97
231,7182-590K ,SPRING BOOST CONTROL ,1.19
232,7182-606A ,IDLE SPRING ,1.02
233,7182-607 ,IDLE SPRING GUIDE ,1.29
234,7182-628 ,DUST CAP ,0.19
235,7182-663A ,BOOST CONTROL HOUSING ,10.43
236,7182-674 ,WASHER TAB ,2.8
237,7182-691 ,PLUG ,1.96
238,7182-703 ,BUSH FLANGED ,16.57
239,7182-706 ,BUSH ,1.55
240,7182-912A ,THROTTLE LEVER ,1.4
241,7182-923 ,CAM ADVANCE SCREW ,8.1
242,7182-924 ,SCREW PLUG ,3.78
243,7182-966E ,SCREW ,2.69
244,7182-966F ,SCREW ,0.76
245,7182-968 ,SPRING TROTTLE RETURN ,1.85
246,7183-200AK ,O-RING ,1.21
247,7183-200AR ,O RING ,1.78
248,7183-200AS ,O-RING ,1.21
249,7183-200B ,O'RING ,5.49
250,7183-200C ,O'RING ,5.49
251,7183-200D ,O`RING ,6.96
252,7183-200F ,O`RING ,1.1
253,7183-200FT ,O`RING ,0.38
254,7183-200G ,O`RING ,1.21
255,7183-200HP ,O`RING ,1.4
256,7183-200J ,O`RING ,1.1
257,7183-200K ,O`RING ,1.21
258,7183-200L ,O RING ,1.21
259,7183-200M ,O`RING ,8.37
260,7183-200N ,O`RING ,1.21
261,7183-200R ,O`RING ,1.21
262,7183-200T ,O`RING ,5.68
263,7183-200V ,O`RING ,1.21
264,7183-200W ,O`RING ,1.02
265,7183-200X ,O RING ,1.96
266,7183-204H ,DOWTY WASHER ,1.48
267,7183-207 ,SEALING RING ,8.82
268,7183-209 ,GASKET ,1.66
269,7185-015 ,BOLT END PLATE ,1.96
270,7185-128A ,SPRING DELIVERY VALVE ,5.83
271,7185-128B ,SPRING DELIVERY VALVE ,1.29
272,7185-129A ,DELIVERY VALVE PEG ,2.04
273,7185-130D ,DEL.VAL.HOLDER ,5.45
274,7185-130L ,DELIVERY VALVE HOLDER ,12.64
275,7185-154C ,GOVERNOR ARM ,4.73
276,7185-154D ,ASSY GOVER ARM ,9.69
277,7185-172 ,PUMP SUPPORT BRACKET ,3.89
278,7185-174 ,PROTECTION CAP ,5.9
279,7185-177 ,SCREW SHAFT LOCKING ,5.64
280,7185-213D ,TAMPER PROOF CAP ,0.08
281,7185-216 ,WASHER SEALING ,3.45
282,7185-217A ,SPRING LLA VALVE ,4.46
283,7185-218 ,ADJUSTER ,8.06
284,7185-219 ,NUT ,7.12
285,7185-222 ,WASHER ,2.39
286,7185-223 ,SPRING CLIP ,0.57
287,7185-237A ,SUPPORT PLATE-OUTLETS ,2.04
288,7185-237C ,SUPPORT PLATE - OUTLET ,1.06
289,7185-274 ,CAM FOLLOWER ,5.03
290,7185-294 ,VALVE SEAT ,3.26
291,7185-304 ,SCREW SOCKET CAP ,3.59
292,7185-304A ,SCREW SOCKET CAP ,3.94
293,7185-305 ,CIRCLIP INTERNAL ,1.59
294,7185-306 ,WASHER ,12.74
295,7185-307A ,ADJUSTER TORQUE TRIMMER ,7.45
296,7185-308B ,SPRING TRIMMER ,5.45
297,7185-311A ,PRESSURE PLUG ,1.4
298,7185-316 ,PLUG PIVOT ,8.02
299,7185-317 ,PIN SPRING GUIDE ,7.12
300,7185-330 ,WASHER LOCK TIMING ,2.96
301,7185-332C ,PISTON TORQUE TRIMMER ,8.78
302,7185-368 ,WASHER ,2.91
303,7185-383A ,PISTON HOLE PLUG ,5.94
304,7185-383B ,PISTON HOLE PLUG ,5.83
305,7185-389G ,ASSY END PLATE ,19.15
306,7185-394B ,SPRING ADVANCE ,1.78
307,7185-394D ,SPRING ADVANCE ,2.08
308,7185-394E ,ADVANCE SPRING ,1.48
309,7185-413 ,SEALING RING ,1.36
310,7185-429E ,ADV.REF.STOP ,2.12
311,7185-429F ,ADVANCE REF.STOP ,2.12
312,7185-429G ,ADVANCE REFERENCE STOP ,3.86
313,7185-430B ,SPRING ,12.83
314,7185-432 ,CIRCLIP INTERNAL ,3.07
315,7185-434 ,Spring Piston ,6.44
316,7185-435 ,SPACER ,0.45
317,7185-436A ,SECSA SHIM ,1.96
318,7185-436D ,SHIM ,16.81
319,7185-436E ,SHIM ,0.95
320,7185-437 ,CIRCLIP ,0.98
321,7185-439 ,COLD ADVANCE HOUSING M/C ,46.33
322,7185-442C ,PISTON COLD ADVANCE ,13.93
323,7185-477A ,SPRING EXCESS FUEL ,7.68
324,7185-478 ,SPRING RETAINER ,2.04
325,7185-480B ,LLA VALVE BODY ,53.75
326,7185-488 ,NYLON BALL ,1.7
327,7185-546 ,SPRING FAST IDLE RETURN ,0.98
328,7185-559 ,PIN SPRING LOCATION ,10.1
329,7185-590A ,SPRING RESIDUAL LOAD ,1.93
330,7185-591 ,SEMI BALL JOINT ,3.89
331,7185-592 ,GUIDE IDLING SPRING ,1.02
332,7185-641 ,PLUG ,0.89
333,7185-645 ,SCREW ,1.51
334,7185-650A ,BOOST COVER ,11.72
335,7185-670A ,SPRING TRIMER ,1.1
336,7185-672B ,SPRING REGULATING ,2.2
337,7185-690 ,SA FLANGE ,2.83
338,7185-694A ,PLUG ,0.83
339,7185-698B ,SCREW LLA HEAD LOCKING ,13.21
340,7185-705 ,WASHER SPRING ,2.96
341,7185-714A ,SPRING IDLING ,1.06
342,7185-714B ,SPRING IDLING ,8.18
343,7185-745 ,PLUG PRESSURE ,1.36
344,7185-757A ,START RETARD SPRING ,4.96
345,7185-758 ,NUT DRIVE SHAFT METRIC ,7.49
346,7185-761 ,SCROLL PLATE ,3.44
347,7185-763 ,CARRAGE ANGLE PLATE ,3.1
348,7185-765 ,SEREW ADJUSTER ,1.85
349,7185-767 ,X CONTROL BRACKET ,20.4
350,7185-778 ,METERING VALVE ASSY ,28.31
351,7185-793 ,PROTECTION PLUG ,1.06
352,7185-794 ,SEAL TRAPPED - GOVERNOR COVER ,1.66
353,7185-799A ,SPRING DELIVERY VALVE ,3.37
354,7185-804 ,ASSY THROTTLE SHAFT ,66.95
355,7185-806 ,LEVER FAST IDLE ,5.64
356,7185-819 ,WASHER SPRING RETAINING ,1.13
357,7185-823 ,CAM FOLLOWER ,8.93
358,7185-837 ,PIN SPRING GUIDE [7185-317] ,7.12
359,7185-838 ,SPRING GUIDE BRACKET ,2.5
360,7185-849 ,RIVET NAME PLATE ,0.38
361,7185-851E ,WASHER ,0.87
362,7185-851F ,WASHER ,0.87
363,7185-851U ,WASHER ,0.87
364,7185-851V ,WASHER ,4.05
365,7185-852A ,NUT CLAMPING ,4.46
366,7185-854B ,NUT ,0.91
367,7185-854C ,NUT ,1.48
368,7185-854D ,NUT ,0.57
369,7185-881A ,SPRING LLA VALVE ,4.46
370,7185-884A ,X LATCH VALVE ,50.71
371,7185-890 ,RETAINING CLIP ,4.73
372,7185-900G ,SOLENOID 12 VOLT ,36.09
373,7185-932L ,X HEAD AND ROTOR + M V ,377.16
374,7185-950BD ,O`RING ,1.85
375,7185-950DV ,O RING ,0.72
376,7185-950FF ,O`RING ,1.32
377,7185-950FK ,O RING ,3.86
378,7185-950FM ,O RING ,16.08
379,7185-950FR ,O RING ,0.95
380,7185-950FU ,O RING ,0.83
381,7185-950FV ,O`RING ,0.91
382,7185-950GB ,O RING ,0.91
383,7185-950GC ,O`RING ,5.46
384,7185-950GK ,O RING ,1.85
385,7185-950GT ,O RING ,1.85
386,7185-950HD ,O`RING ,4.58
387,7185-950HF ,O`RING ,1.82
388,7185-950HG ,O`RING ,0.95
389,7185-950HK ,O RING ,21.47
390,7185-950HN ,O RING ,17.11
391,7185-950HQ ,O`RING ,6.26
392,7185-950K ,O RING ,0.91
393,7185-954 ,LOCATING FITTING ,7.01
394,7185-958 ,SPRING SEAT ,1.43
395,7185-959 ,CONTROL PIN ,8.37
396,7185-967 ,ASSY DIAPHRAGM ,16.03
397,7187-094A ,SPRING ,0.76
398,7187-129D ,SCREW (M5X0.8X16MM) ,1.25
399,7189-002 ,WASHER LOCKED TIMING ,1.59
400,7189-003 ,SCREW SHAFT LOCKING ,2.04
401,7189-006 ,TP LINER ,18.98
402,7189-008 ,BODY VALVE ,16.62
403,7189-009 ,ADJUSTER ,4.35
404,7189-010 ,HEAD LOCATING SCREW SUB ASSY ,8.33
405,7189-011 ,HEAD LOCATING FITTING ,14.23
406,7189-012 ,PLUG ,1.85
407,7189-020 ,SCREW GOVERNOR BRACKET ,2.15
408,7189-028 ,COVER PLATE ADVANCE ,4.27
409,7189-028A ,COVER PLATE ADVANCE ,8.25
410,7189-032 ,LEVER ,12.45
411,7189-035 ,PLUG PRESSURE ,1.48
412,7189-036 ,LINKAGE HOOK ,2.53
413,7189-041 ,PROTECTION CAP ,0.76
414,7189-043 ,PROTECTION CAP ,0.76
415,7189-044A ,SHIM ,2.04
416,7189-044B ,SHIM ,2.04
417,7189-044C ,SHIM ,2.04
418,7189-044D ,SHIM ,2.04
419,7189-044E ,SHIM ,2.04
420,7189-045 ,C-CLIP ,0.08
421,7189-058D ,GOVERNOR COVER SUB ASSY ,92.76
422,7189-086 ,CAM ADVANCE SCREW ,9.95
423,7189-091A ,SPRING ADVANCE ,4.92
424,7189-091B ,SPRING ADVANCE ,4.92
425,7189-093 ,E CLIP ,0.57
426,7189-094A ,SPRING SEAT ,2.5
427,7189-094B ,SPRING SEAT ,2.5
428,7189-094C ,SPRING SEAT ,2.5
429,7189-094D ,SPRING SEAT ,2.5
430,7189-094E ,SPRING SEAT ,2.5
431,7189-094F ,SPRING SEAT ,2.5
432,7189-094G ,SPRING SEAT ,2.5
433,7189-094H ,SPRING SEAT ,2.5
434,7189-094J ,SPRING SEAT ,2.5
435,7189-094K ,SPRING SEAT ,2.61
436,7189-094L ,SPRING SEAT ,2.5
437,7189-094M ,SPRING SEAT ,2.8
438,7189-094N ,SPRING SEAT ,4.27
439,7189-095 ,LIGHT LOAD ADVANCE PISTON ,6.89
440,7189-096CQ ,SCREW LIGHT LOAD ,11.44
441,7189-096ES ,SCREW LIGHT LOAD ,3.45
442,7189-096ET ,SCREW LIGHT LOAD ,1.1
443,7189-096EV ,SCREW LIGHT LOAD ,1.59
444,7189-100DJ ,CAM & SCROLL PLATE SET ,80.81
445,7189-119 ,METERING VALVE SUB ASSY ,12.11
446,7189-119KA ,METERING VALVE ASSY ,12.11
447,7189-119KB ,METERING VALVE ASSY ,12.11
448,7189-119KC ,METERING VALVE ASSY ,12.11
449,7189-119LA ,METERING VALVE ASSY ,12.11
450,7189-119LB ,METERING VALVE ASSY ,12.11
451,7189-119LC ,METERING VALVE ASSY ,12.11
452,7189-119MA ,METERING VALVE ASSY ,12.11
453,7189-119MB ,METERING VALVE ASSY ,12.11
454,7189-119MC ,METERING VALVE ASSY ,12.11
455,7189-119NA ,METERING VALVE ASSY ,12.11
456,7189-119NB ,METERING VALVE ASSY ,12.11
457,7189-119NC ,METERING VALVE ASSY ,12.11
458,7189-119PA ,METERING VALVE ASSY ,12.11
459,7189-119PB ,METERING VALVE ASSY ,12.11
460,7189-119PC ,METERING VALVE ASSY ,12.11
461,7189-119QA ,METERING VALVE ASSY ,12.11
462,7189-119QB ,METERING VALVE ASSY ,12.11
463,7189-119QC ,METERING VALVE ASSY ,12.11
464,7189-119RA ,METERING VALVE ASSY ,12.11
465,7189-119RB ,METERING VALVE ASSY ,12.11
466,7189-119RC ,METERING VALVE ASSY ,12.11
467,7189-119SA ,METERING VALVE ASSY ,12.11
468,7189-119SB ,METERING VALVE ASSY ,12.11
469,7189-119SC ,METERING VALVE ASSY ,12.11
470,7189-122 ,COVER PLATE ADVANCE ,7.33
471,7189-142A ,ASSY PRESSURISING VALVE ,5.87
472,7189-163C ,SPRING LIGHT LOAD ,3.14
473,7189-163D ,SPRING LIGHT LOAD ,2.73
474,7189-163F ,SPRING LIGHT LOAD ,3.11
475,7189-225 ,SPRING GUIDE BRACKET ,0.38
476,7189-257 ,SCREW ,5.49
477,7189-264 ,ASSY BOOST PIPE ,35.86
478,7189-266 ,ASSY BANJO ,26.11
479,7189-282 ,SCROLL PLATE ,3.58
480,7189-295 ,CATCH PLATE ,4.65
481,7189-296 ,SHOE PLATE ,1.1
482,7189-310 ,VALVE POPPET ,4.46
483,7189-361 ,CONNECTION FUEL INLET ,3.33
484,7189-362 ,ADJUSTER TORQUE TRIMMER ,2.88
485,7189-392 ,SEAL TRAPPED-VITON ,7.15
486,7189-421 ,ASSY CONTROL BRACKET ,5.45
487,7189-424 ,OIL SEAL DRIVE SHAFT ,7.42
488,7189-436A ,CAM RING ,39.37
489,7189-437A ,CAM RING ,39.37
490,7189-445 ,THROTTLE LEVER ,5.03
491,7189-450 ,LATCH VALVE SUB ASSY ,12.9
492,7189-454A ,SPRING LATCH VALVE ,4.1
493,7189-494 ,SPACER ,9.1
494,7189-700EY ,CAM TORQUE TRIMMER ,2.95
495,7189-770HQ ,CAM TORQUE TRIMMER- DP 310 ,2.95
496,7189-770HZ ,CAM TORQUE TRIMMER- DP 310 ,2.91
497,7189-947K ,ASSY HEAD & ROTOR + M.V. ,133.75
498,7243-012 ,REGULATING SLEEVE ASSY ,53.89
499,7243-073JK ,PUMP HOUSING ,33.42
500,7243-109B ,LLA VALVE ASSY ,27.74
501,7243-784 ,ASSY LATCH VALVE ,53.56
502,9000-314B ,NLS NOZZLE HOLDER BODY ASSY ,28.93
503,9000-500 ,SHIM (0.68 MM) ,2.77
504,9000-500A ,SHIM (0.70 MM) ,2.83
505,9000-500AB ,SHIM [ 1.14 MM ] ,2.77
506,9000-500AC ,SHIM (1.155 MM) ,2.77
507,9000-500AD ,SHIM (1.17 MM) ,2.77
508,9000-500AE ,SHIM (1.185) ,2.83
509,9000-500AF ,SHIM (1.20 MM) ,2.83
510,9000-500AG ,SHIM (1.215) ,2.83
511,9000-500AH ,SHIM (1.23 MM) ,2.83
512,9000-500AJ ,SHIM (1.245 MM) ,2.83
513,9000-500AL ,SHIM (1.28) ,2.83
514,9000-500AM ,SHIM (1.30 MM) ,2.83
515,9000-500AP ,SHIM (1.34 MM) ,2.83
516,9000-500AQ ,SHIM (1.36) ,2.83
517,9000-500AR ,SHIM (1.38) ,2.83
518,9000-500AS ,SHIM (1.40) ,2.83
519,9000-500AT ,SHIM (1.42) ,2.83
520,9000-500AU ,SHIM (1.44) ,2.83
521,9000-500AV ,SHIM (1.46) ,2.83
522,9000-500AW ,SHIM (1.48) ,2.83
523,9000-500AX ,SHIM (1.50) ,2.83
524,9000-500AY ,SHIM (1.52) ,2.83
525,9000-500AZ ,SHIM (1.54) ,2.83
526,9000-500B ,SHIM (0.72) ,2.99
527,9000-500BA ,SHIM (1.56) ,2.99
528,9000-500BB ,SHIM (1.58) ,2.99
529,9000-500BC ,SHIM (1.60) ,2.99
530,9000-500BD ,SHIM (1.62) ,2.99
531,9000-500BE ,SHIM (1.64) ,2.99
532,9000-500C ,SHIM (0.74) ,2.99
533,9000-500D ,SHIM (0.76) ,2.99
534,9000-500E ,SHIM (0.78 MM) ,2.99
535,9000-500F ,SHIM (0.80) ,2.99
536,9000-500G ,SHIM (0.82) ,2.99
537,9000-500H ,SHIM (0.84) ,2.99
538,9000-500J ,SHIM (0.86) ,2.99
539,9000-500K ,SHIM (0.88) ,2.99
540,9000-500L ,SHIM [ 0.90 MM ] ,2.99
541,9000-500M ,SHIM (0.92) ,2.99
542,9000-500N ,SHIM (0.94 MM) ,2.99
543,9000-500P ,SHIM (0.96) ,2.99
544,9000-500Q ,SHIM [ 0.98 MM ] ,2.99
545,9000-500R ,SHIM (1.00 MM) ,2.99
546,9000-500S ,SHIM (1.02) ,2.99
547,9000-500T ,SHIM [ 1.035 MM ] ,2.99
548,9000-500U ,SHIM (1.05 MM) ,2.99
549,9000-500V ,SHIM (1.065) ,2.99
550,9000-500W ,SHIM (1.08) ,2.99
551,9000-500X ,SHIM [ 1.095 MM ] ,2.99
552,9000-500Y ,SHIM (1.11) ,2.99
553,9000-500Z ,SHIM [ 1.125 MM ] ,2.99
554,9000-504 ,WASHER ,0.98
555,9000-507 ,HEAT SHIELD WASHER ,1.02
556,9000-625 ,PROTECTION CAP ,1.82
557,9000-904 ,NOZZLE CAP NUT ,4.01
558,9000-908 ,NOZZLE CAP NUT ,4.13
559,9001-122 ,DRAIN SCREW - FILTER ,7.83
560,9001-128 ,VALVE - FILTER ,2.64
561,9001-535A ,CENTER BOLT ,4.16
562,9001-535C ,CENTER BOLT ,2.34
563,9001-561 ,ALUMINIUM BOWL ,18.66
564,9001-742A ,SINGLE FILTER HEAD [FS G 6260 010A] ,13.67
565,9001-742H ,FORD FILTER HEAD ,31.96
566,9001-743J ,X BASE FILTER ,5.61
567,9001-743P ,BASE FILTER-Plastic bowl ,5.74
568,9001-743S ,X BASE FILTER ,6.17
569,9003-299 ,TAMPER PROFING SLEEVE ,0.8
570,9003-394A ,DUST CAP ,1.25
571,9003-411A ,THROTTLE LEVER RETURN SPRING ,2.31
572,9003-419E ,REGULATING SPRING ,1.74
573,9003-419G ,REGULATING SPRING ,1.63
574,9003-420B ,DELIVERY VALVE SPRING ,1.78
575,9003-440 ,SPRING ,2.99
576,9003-593 ,SPRING GUIDE ,1.48
577,9003-760 ,AIR VENT SCREW-FILTER ,1.1
578,9003-805 ,CONNECTION FUEL INLET ,1.55
579,9007-012F ,SCREW ,2.99
580,9007-012J ,MAX.SPEED SCREW ,3.67
581,9007-017A ,SCREW ,0.72
582,9007-172A ,NUT ,0.49
583,9007-172C ,NUT ,0.53
584,9007-173 ,SIMMONDS NUT NYLOC ,0.91
585,9007-179T ,IDLING LOCK NUT ,0.49
586,9007-179X ,NUT ,5.03
587,9007-190D ,SHAFT CIRCLIPS ,1.25
588,9007-194C ,SLEEVE GROOVE LOCK PIN ,0.24
589,9007-194F ,GROVELOCK PIN ,0.8
590,9007-200G ,WASHER ,0.45
591,9007-200R ,FLAT SECTION WASHER ,0.45
592,9007-202CZ ,WASHER ,0.26
593,9007-202EZ ,WASHER ,0.4
594,9007-202LZ ,WASHER ,0.45
595,9007-205A ,WASHER LINKAGE HOOK ,0.53
596,9007-213 ,WASHER ,2.53
597,9007-214 ,WASHER ,0.45
598,9007-216A ,WASHER ,0.45
599,9007-383A ,WASHER ,0.57
600,9007-391 ,SEALING WASHER ( OUTLET) ,0.45
601,9007-391A ,WASHER ,2.39
602,9007-392A ,SEALING WASHER ,1.55
603,9007-397 ,WASHER ,0.61
604,9007-495 ,DRIVE SHAFT SEAL ,1.25
605,9007-497AA ,'O' RING ,0.95
606,9007-497AB ,O RING ,0.68
607,9007-497AE ,'O' RING ,0.57
608,9007-497AF ,O RING ,0.3
609,9007-497AG ,'O' RING ,0.26
610,9007-497AJ ,'O' RING ,1.21
611,9007-497AK ,'O' RING ,1.02
612,9007-497AL ,'O' RING ,1.4
613,9007-497AM ,'O' RING ,1.82
614,9007-497AQ ,'O' RING ,0.45
615,9007-497AR ,'O' RING ,0.95
616,9007-497AY ,'O' RING ,1.4
617,9007-497AZ ,'O' RING ,1.21
618,9007-497BC ,'O' RING ,3.86
619,9007-497BF ,O RING ,1.4
620,9007-497BJ ,'O' RING ,2.23
621,9007-497BN ,'O' RING ,1.21
622,9007-497BP ,O RING ,0.34
623,9007-497BQ ,O RING SEAL ,0.8
624,9007-497BR ,'O' RING ,1.32
625,9007-497BS ,'O'RING ,1.51
626,9007-497CT ,O-RING ,1.25
627,9007-497H ,O-RING ,0.57
628,9007-497L ,O' RING (GOVERNOR COVER) ,8.44
629,9007-497N ,'O' RING ,0.57
630,9007-497P ,O-RING - ADVANCE SLEEVE ,0.68
631,9007-497R ,O-RING - EXCESS FUEL BODY ,0.34
632,9007-497T ,O-RING - T.P.BODY ,0.57
633,9007-497V ,O' RING LLA SLEEVE ,0.91
634,9007-497W ,'O' RING ,2.5
635,9007-580 ,BASE PLUG ,1.82
636,9007-586 ,CAP PROTECTION ,0.45
637,9007-587 ,CAP PROTECTION ,0.22
638,9007-598F ,CAP PROTECTION ,0.38
639,9007-598M ,BANJO PROTECTION CAP ,0.38
640,9007-598S ,CAP PROTECTION ,0.38
641,9007-599D ,CAP PROTECTION ,0.38
642,9007-599J ,CAP PROTECTION ,0.87
643,9007-706 ,BANJO ,3.56
644,9007-864 ,CONNECTING SCREW (BANJO BOLT) ,5.33
645,9007-864A ,CONNECTING SCREW (BANJO BOLT) ,9.2
646,9007-896B ,INLET BANJO BOLT ,5.75
647,9008-088AF ,X NOZZLE (R5641931)-4DLTC ,9.59
648,9008-088P ,X NOZZLE ASSY (R5641925)- MMDPAM ,9.59
649,9008-088R ,NOZZLE ASSY (R5643076) - FORD ,9.59
650,9008-088U ,X NOZZLE (R5643077)-MUL ,9.59
651,9008-088V ,X NOZZLE (R5641930)-INDICA ,8.31
652,9008-088W ,X NOZZLE (R5643493)-TEL TC ,9.59
653,9008-099AA ,X NOZZLE (R5641906) - UNO ,9.59
654,9008-099AM ,X NOZZLE (R5641927) - TEL/HM+ ,9.59
655,9008-099V ,X NOZZLE (R5643413) - MMDPC ,9.59
656,9008-409 ,SPRING ,4.62
657,9008-720 ,SPRING SEAT ,6.47
658,9008-735A ,SPRING SEAT ,4.01
659,9009-008B ,ASSY DELIVERY VALVE ,8.06
660,9009-008J ,ASSY DELIVERY VALVE ,8.02
661,9009-008P ,ASSY DELIVERY VALVE ,5.87
662,9009-090 ,SEAL ,0.53
663,9009-305 ,LUCAR-ARM BLADE ,0.57
664,9009-513 ,NAME PLATE RIVET ,0.87
665,9009-514E ,STEEL BALL DIA 2.5 ,0.3
666,9009-533B ,RIVET ,0.36
667,9041-152A ,PLUG HEX-HEADED ,2.83
668,9043-028C ,PLUG HEX-HEADED ,5.14
669,9043-060D ,BANJO BOLT ,3.75
670,9043-263C ,AGGLOMERATOR BODY ,4.35
671,9045-076K ,SCREW ,7.99
672,9045-137A ,COVER PLATE GASKET ,4.13
673,9045-176C ,CAP PROTECTION ,4.73
674,9045-176F ,CAP PROTECTION ,4.73
675,9045-899E ,X HEAD AND ROTOR ,163.72
676,9048-468 ,PROTECTION PLUG ,1.04
677,9080-219A ,NUT HEXAGON ,0.8
678,9100-081 ,THRUST SLEEVE ,4.01
679,9100-081B ,THRUST SLEEVE ,6.09
680,9100-178AB ,X SHAFT & SPRING ,7.83
681,9100-191 ,X VALVE NON RETURN ,8.21
682,9100-191F ,PRESSURISING VALVE ASSY ,8.21
683,9100-191H ,ASSY BACKLEAK VALVE ,8.21
684,9100-234 ,CABLE SUPPORT BRACKET ,1.85
685,9100-266 ,X LEVER ,2.15
686,9100-266A ,ASSY LLA CONTROL LEVER ,1.96
687,9100-268A ,X LINK CONNECTING ,1.02
688,9100-280L ,X HEAD AND ROTOR ,157.6
689,9100-325B ,ASSY. STOP SHAFT ,5.57
690,9100-326D ,ASSY IDLING SHAFT ,2.72
691,9100-339 ,RETURN PIPE ASSY ,8.52
692,9100-340B ,ADVANCE PISTON & SLEEVE ASSY ,10.56
693,9100-340D ,ADVANCE DUMMY ASSEMBLY ,10.37
694,9100-340E ,X SLEEVE/PISTON A.A ,10.56
695,9100-397 ,X VALVE METERING ,12.34
696,9100-429A ,X SHAFT & SPRING ,15.97
697,9100-436 ,BOOSTER ASSEMBLY ,52.61
698,9100-445D ,DV HOLDER ,8.06
699,9100-445E ,DV HOLDER ,8.06
700,9100-460B ,"SUB ASSY ""PLLA"" LINKAGE ",4.08
701,9100-465JS ,X HEAD AND ROTOR ,156.37
702,9100-465L ,X HEAD AND ROTOR ,144.11
703,9100-476 ,LEVER/BALL ASSY. ,2.72
704,9100-476A ,LEVER ASSEMBLY ,2.72
705,9100-483 ,METERING VALVE SUB ASSEMBLY ,12.11
706,9100-483A ,X VALVE METERING SIZE B ,12.11
707,9100-483D ,METERING VALVE SUB ASSEMBLY ,12.11
708,9100-483E ,METERING VALVE(OVERSIZE) ,12.11
709,9100-487 ,ASSY SWITCH ,41.75
710,9100-633 ,BOOST CONTROL KIT ,40.06
711,9100-830 ,SPINDLE SHUT-OFF SHAFT ASSY ,4.24
712,9100-886 ,METERING VALVE ASSY. ,12.11
713,9100-886A ,X VALVE METERING SIZE B ,12.11
714,9100-995J ,X HEAD AND ROTOR ,163.72
715,9101-006 ,SHAFT DRIVE ,19.8
716,9101-024 ,CAM ADVANCE SCREW ,2.08
717,9101-040 ,CONTROL PISTON ,8.89
718,9101-056A ,H.P.Fuel Line CONNECTION ,1.82
719,9101-065 ,PISTON PLUG - ADVANCE ,3.75
720,9101-065A ,ADVANCE CAP ,1.35
721,9101-065C ,PLUG PISTON HOLE ,4.7
722,9101-068A ,PLATE SPRING ,1.02
723,9101-068H ,PLATE SPRING ,7.99
724,9101-068M ,PLATE SPRING ,3.45
725,9101-081 ,GOVERNOR WEIGHT ,1.63
726,9101-085C ,COLLER ( ROTULA ) ,5.57
727,9101-105 ,KEY ,4.43
728,9101-107A ,CAM RING ,41.64
729,9101-109 ,DRIVE HUB ,16.54
730,9101-128 ,SPLIT BUSH ,6.77
731,9101-178 ,VALVE SEAT ,5.33
732,9101-183 ,SPACER WASHER ,1.42
733,9101-195 ,CAP ,7.68
734,9101-216 ,INLET BANJO BOLT ,1.66
735,9101-220 ,ADJUSTING CAP SCREW - BOOSTER ,12
736,9101-245 ,METERING VALVE STOP FIXING SCREW ,1.4
737,9101-332B ,CAP SPRING ,3.26
738,9101-335 ,PLUG ,7.04
739,9101-345A ,SCREW ADJUSTMENT ,1.51
740,9101-375 ,INLET SCREW SPACER ,1.93
741,9101-408B ,CONNECTING LINK ,0.31
742,9101-414 ,SPACER ,1.7
743,9101-415 ,SPACER ,6.55
744,9101-416 ,FUEL ADJUSTMENT SCREW ,2.01
745,9101-426 ,CAM RING ,41.64
746,9101-448B ,CONNECT LINK ,0.3
747,9101-453 ,NUT ,2.53
748,9101-454 ,NUT ,3.26
749,9101-474 ,NUT ,8.21
750,9101-475 ,CAP - EXCESS FUEL ,1.02
751,9101-483 ,ADVANCE SPRING CAP ,1.51
752,9101-486 ,CAM RING ,41.64
753,9101-503 ,NUT ,5.03
754,9101-505 ,T.P.ADJUSTING SCREW ,6.44
755,9101-511C ,MAXIMUM ADVANCE STOP ,3.86
756,9101-512B ,ADVANCE CAP ,1.63
757,9101-513 ,SPACER (MOBILE STOP) ,2.01
758,9101-524A ,SPACER WASHER ,2.08
759,9101-524B ,SPACER WASHER ,1.44
760,9101-531 ,PLUG PISTON HOLE ,3.71
761,9101-552 ,ADVANCE SCREW BODY ,4.89
762,9101-552A ,SCREW HEAD LOCATION ,5.22
763,9101-682A ,INLET SCREW SPACER ,2.58
764,9101-685A ,CAM RING ,41.64
765,9101-689A ,CAM RING ,41.64
766,9101-698B ,PLUG SCREW ,1.06
767,9102-013 ,PLUG PROTECTION ,3.29
768,9102-015 ,PROTECTION CAP ,11.96
769,9102-019 ,STOP WASHER RATCHET ,1.06
770,9102-027 ,SEALING PLUG ,1.25
771,9102-703 ,SPRING Start Retard ,3.07
772,9102-709 ,SPRING ,0.72
773,9102-712A ,SPRING ,0.42
774,9102-713 ,ROTULA SPRING ,0.8
775,9102-721 ,VALVE SPRING ,0.87
776,9102-721A ,SPRING ,0.91
777,9102-721D ,SPRING ,0.76
778,9102-722G ,CARRIAGE RETURN SPRING ,1.02
779,9102-723B ,SPRING BOOSTER ADJUSTING ,1.4
780,9102-726 ,THROTTLE LEVER SPRING ,5.52
781,9102-726A ,THROTTLE LEVER SPRING ,1.06
782,9102-733 ,PIN SPRING ,1.74
783,9102-734 ,SPRING - CARRIAGE RETURN ,2.31
784,9102-743 ,SPRING ,4.24
785,9102-743A ,SPRING ,4.24
786,9102-743B ,SPRING ,4.24
787,9102-750A ,SPRING - SHUT OFF LEVER ,1.21
788,9102-750D ,IDLE LEVER SPRING ,5.14
789,9102-751 ,SPRING ,1.13
790,9102-759 ,SPRING ,2.46
791,9102-760 ,SPRING DELIVERY VALVE ,37.89
792,9102-768A ,ADVANCE SPRING ,3.83
793,9102-768C ,ADVANCE SPRING ,2.77
794,9102-768H ,ADVANCE SPRING ,2.77
795,9102-787A ,ADVANCE SPRING ,3.83
796,9102-791B ,THROTTLE LEVER SPRING ,6.13
797,9102-797A ,THROTTLE LEVER SPRING ,17.76
798,9102-803 ,SPRING ,1.63
799,9102-908 ,FELT WASHER ,1.59
800,9102-911 ,HEAT SHRINK TUBING ,1.96
801,9102-912 ,PAD THRUST ,7.04
802,9102-912A ,PIVOT LEFT ,2.06
803,9102-915 ,FILTER ,1.51
804,9102-916 ,DELRIN / JACK PLUG ,8.7
805,9102-918 ,SPRING GUIDE CAP ,1.06
806,9102-922 ,SEAL - INSPECTION PLUG ,1.74
807,9102-925 ,SPACER WASHER ,5.75
808,9102-927 ,INSPECTION PLUG SEAL ,1.02
809,9102-928 ,CABLE GUIDE ,2.31
810,9102-932 ,'O' RING ,1.93
811,9102-933 ,SEALING SLEEVE ,2.99
812,9102-938 ,THRUST WASHER ,4.13
813,9102-957 ,PLUG ,3.59
814,9102-957A ,SLEEVE CLIP ,1.1
815,9102-970 ,CAP PROTECTION ,8.89
816,9102-981 ,CAP PROTECTION ,2.83
817,9102-983 ,T.P SCREW PROTECTION CAP ,2.27
818,9102-990A ,FUEL RETURN PIPE ,7.31
819,9103-006 ,ANTISTALL SCREW ,4.73
820,9103-007A ,IDLING SETTING SCREW ,1.96
821,9103-009N ,T P LINER ,4.85
822,9103-021 ,FIXING SCREW ,6.2
823,9103-022 ,SHOE STOP ,1.4
824,9103-023 ,IDLE SCREW ,6.47
825,9103-203 ,TAB WASHER - M.V.STOP ,0.45
826,9103-204A ,DOUBLE TAB WASHER ,0.45
827,9103-207D ,SHIM - ADVANCE ,3.33
828,9103-207E ,ADVANCE SHIM ,0.8
829,9103-207F ,SHIM (1.0MM) - ADVANCE SETTING ,2.23
830,9103-207G ,SHIM (2.0MM) - ADVANCE SETTING ,2.23
831,9103-207H ,SHIM (1.5MM) - ADVANCE SETTING ,1.96
832,9103-222 ,SEALING WASHER ,0.49
833,9103-260 ,THROTTLE SHAFT DUST CAP ,1.25
834,9103-273 ,BRACKET ,1.48
835,9103-275 ,WASHER ,1.21
836,9103-276 ,LEVER SHUT-OFF ,2.42
837,9103-279 ,BOOST CAP ,1.51
838,9103-287 ,INLET COPPER WASHER ,1.44
839,9103-289A ,SHIM CARRIAGE RETURN ,4.16
840,9103-316 ,WASHER ,0.45
841,9103-317 ,DUST CAP - LLA ASSY ,1.02
842,9103-321 ,WASHER - LLA ,0.45
843,9103-359 ,BRACKET ,2.15
844,9103-360 ,LEVER SHUT-OFF ,2.42
845,9103-383A ,DUST CAP ,1.51
846,9103-384 ,LOWER WASHER ,3.59
847,9103-385A ,UPPER WASHER ,1.1
848,9103-386 ,METERING VALVE STOP ,1.63
849,9103-438 ,PLATE ,6.13
850,9103-494 ,SPRING STOP ,5.52
851,9103-506A ,TRANSFER PUMP PLATE ,1.74
852,9103-514 ,WASHER ,6.63
853,9103-605 ,SUPPORT ,3.15
854,9103-609A ,COVER PLATE ,6.13
855,9103-621 ,SPRING WASHER (ADVANCE) ,0.83
856,9103-629 ,STOP LEVER ,2.42
857,9103-723 ,FAST IDLE LEVER ,2.42
858,9103-751 ,SUPPORT BRACKET ,1.51
859,9103-820 ,BOOSTER BANJO ,8.55
860,9103-823M ,X PUMP HOUSING ,46.54
861,9103-826A ,PUMP HOUSING ,52.27
862,9103-840B ,ADAPTOR ,6.89
863,9103-842A ,TUD5 COVER MCD.HYUNDAI ,12.41
864,9103-849 ,T P LINER ,4.74
865,9103-870A ,POTENTIOMETER SUPPORT M/C ,1.85
866,9103-977B ,PUMP HOUSING ,52.27
867,9104-060 ,FILTER ,0.45
868,9107-008 ,NUT ,2.08
869,9107-009T ,LOCK NUT ,2.23
870,9107-023 ,MAX SPEED SCREW ,2.5
871,9107-031 ,NUT - SOLENOID ,0.15
872,9107-033A ,FIXING SCREW ,0.68
873,9107-034 ,FIXING SCREW ,3.29
874,9107-034A ,SCREW ,0.68
875,9107-035 ,FIXING SCREW ,1.25
876,9107-035A ,SCREW ,3.4
877,9107-035D ,FIXING SCREW ,0.45
878,9107-036 ,FIXING SCREW - R.S.BRACKET ,2.27
879,9107-046 ,FIXING SCREW ,7.53
880,9107-053 ,BOX NUT ,2.8
881,9107-061 ,FAST IDLE SCREW ,0.52
882,9107-153 ,CIRCLIP INTERNAL ,1.93
883,9107-154 ,INTERNAL CIRCLIPS ,1.89
884,9107-157 ,CIRCLIP ,3.21
885,9107-160 ,CIRCLIP - LLA SHAFT ,1.48
886,9107-163 ,CAM RING CIRCLIP ,4.73
887,9107-172A ,WIRE & LEAD SEAL ,4.24
888,9107-173 ,STRIP ,0.87
889,9107-180 ,PIN ,9.92
890,9107-227 ,HOUSING CIRCLIP ,6.2
891,9107-235A/N ,POTENTIOMETER ,24.33
892,9107-309 ,WASHER ,0.49
893,9107-310 ,WASHER ,0.91
894,9107-310A ,WASHER ,1.4
895,9107-310B ,WASHER ,0.42
896,9107-311 ,WASHER ,0.45
897,9107-312 ,WASHER ,0.61
898,9107-313 ,ELASTIC WASHER ,3.64
899,9107-315 ,WASHER ,0.83
900,9107-315B ,WASHER ,0.83
901,9107-403 ,O-RING - T.P.BODY ,0.45
902,9107-406 ,DRIVE SHAFT SEAL ,1.06
903,9107-817 ,LABEL ,2.5
904,9107-817A ,CLIP TIMING PLATE ,2.5
905,9107-817C ,TIMING CLIP [ Yellow ] ,2.5
906,9107-823 ,CABLE LINK ,1.13
907,9107-825 ,UPPER DIAPHRAGM ,4
908,9107-826 ,LOWER DIAPHRAGM ,4.63
909,9107-831 ,SUPPORT ,1.4
910,9108-109JS ,HEAD AND ROTOR - INDICA ,123.55
911,9108-115 ,ACTUATOR BANJO ,1.17
912,9108-130L ,HEAD AND ROTOR ,123.55
913,9108-130N ,X HEAD AND ROTOR ,160.59
914,9108-150JS ,HEAD AND ROTOR ,153.22
915,9108-152B ,CAM VALVE ,18.85
916,9108-505A ,AXIS/DRIVING DOG ASSY. ,1.45
917,9109-025 ,KIT BEARING ,9.7
918,9109-081 ,KIT EXCESS PISTON ,1.43
919,9109-081A ,KIT EXCESS PISTON ,1.44
920,9109-086 ,KIT GOVERNOR ARM ,4.84
921,9109-108 ,KIT PLATE END ,3.4
922,9109-120 ,KIT DUST COVER ,4.62
923,9109-120B ,X KIT DUST COVER ,1.1
924,9109-120D ,X KIT DUST COVER ,1.1
925,9109-136 ,KIT GOVERNOR ARM ,4.84
926,9109-137 ,X SPRING LINK ,2.96
927,9109-140 ,KIT GOVERNOR ARM ,5.87
928,9109-141 ,KIT T.P. ADJUSTMENT ,9.31
929,9109-171 ,X KIT ADJ.MAX FUEL ,23.36
930,9109-180 ,KIT XS FUEL CARRIAGE ,5.3
931,9109-181 ,BOOST SEAL KIT ,3.46
932,9109-183 ,BOOST PRESURE ADJ KIT ,23.09
933,9109-206 ,X KIT T.P ADJUSTMENT ,5.98
934,9109-216 ,KIT SHAFT & BEARING ,48.26
935,9109-321 ,X KIT LEVER ,3.75
936,9109-322 ,KIT ADJ. MAX. FUEL (PLR 52) ,18.96
937,9109-327 ,X KIT SHAFT&BEARING ,36.68
938,9137-031 ,HEX.HEAD SCREW ,3.67
939,9141-073B ,X VALVE NON RETURN ,8.21
940,9145-150 ,END PLATE GUIDE ,2.2
941,9149-048A ,BACK LEAK ADAPTOR (6MM) ,1.17
942,9149-202 ,ELASTIC BAND ,1.98
943,9167-408AB ,O-RING ,0.83
944,9167-408AC ,O-RING ,0.83
945,9167-408AE ,O-RING ,1.59
946,9167-408AJ ,O' RING ,1.4
947,9167-408S ,O' RING VITON ,1.25
948,9167-408Z ,JOINT ,2.72
949,9167-415P ,'O' RING ,1.29
950,9167-503A ,WASHER ,1.62
951,9182-101 ,IDENTIFICATION RING ,0.54
952,9182-101B ,IDENTIFICATION RING ,0.53
953,9182-101C ,IDENTIFICATION RING ,0.98
954,9182-101D ,IDENTIFICATION RING ,0.68
955,9182-101E ,IDENTIFICATION RING ,0.53
956,9182-101F ,IDENTIFICATION RING ,0.54
957,9182-101G ,IDENTIFICATION RING ,0.54
958,9182-101H ,IDENTIFICATION RING ,1.02
959,9182-115A ,X NOZZLE - 4DL EURO-II ,9.6
960,9182-115B ,X NOZZLE - INDIGO ,8.31
961,9182-116 ,X NOZZLE - BDLL - TRACTOR MM575 ,22.92
962,9182-118 ,X NOZZLE - MDI 3200 ,22.92
963,9182-122 ,NOZZLE (L004PGA) ,13.74
964,9182-123 ,NIPPLE s/s 7169-378 ,2.64
965,9182-124 ,LCR NOZZLE HOLDER BODY ASSY ,8.86
966,9182-125 ,NOZZLE (L005PGA) ,13.75
967,9182-126 ,ASSY VCO NOZZLE (L006PGA) - 04SK198 ,13.75
968,9182-131 ,NOZZLE ASSY M & M 575 STP - II ,13.75
969,9182-136 ,NOZZLE ASSY ,13.62
970,9183-012A ,X FILTER HEAD ,7.24
971,9183-019 ,SUB ASSY VALVE SUPPORT ,0.9
972,9183-031 ,ADAPTOR ,1.83
973,9183-034A ,FILTER HEAD ,8.53
974,9183-035 ,WASHER ,1.07
975,9183-039 ,SCREW ,1.72
976,9183-118 ,TWIN FILTER HEAD MACHINED-DPA ,7.32
977,9183-120 ,STEEL HAND PRIMER ASSEMBLY ,2.3
978,9183-122 ,O' RING - HAND PRIMER ,1.11
979,9183-136 ,ASSY. TWIN FILTER HEAD ,6.23
980,9183-149 ,BANJO BODY ,1.17
981,9183-152A ,SINGLE FILTER HEAD ,5.02
982,9183-201 ,X HEAD ,7.76
983,9183-274 ,FUEL FILTER ASSY WITH WIF SENSOR ,24.14
984,9185-114 ,X HOUSING ,47.01
985,9186-854 ,HOOK ,0.36
986,9187-110 ,ASSY THROTTLE SHAFT ,8.02
987,9187-160 ,X END PLATE (PLR150-022C) ,15.51
988,9187-160D ,END PLATE ,15.51
989,9187-178N ,X HEAD AND ROTOR + MV ,147.03
990,9187-178R ,X HEAD AND ROTOR + MV+TP ROTOR ,134.48
991,9187-182A ,ASSY DRIVE SHAFT AND DRIVE PLATE ,18.39
992,9187-182B ,DRIVE SHAFT ,17.33
993,9187-183 ,PUMP HOUSING & BUSH PRESSING ,47.01
994,9187-205A ,HEAD AND ROTOR + METERING VALVE ,149.89
995,9187-205C ,X HEAD AND ROTOR + MV ,112.62
996,9187-210B ,X HEAD AND ROTOR + MV ,181.25
997,9187-210E ,X HEAD AND ROTOR + MV+TP ROTOR ,161.71
998,9187-211C ,X HEAD AND ROTOR + MV ,149.89
999,9187-213 ,DV HOLDER ,14.34
1000,9187-216 ,CAM & SCROLL KIT ,53.78
1001,9187-218A ,PRESSURISING VALVE ASSY ,4.45
1002,9187-218B ,PRESSURISING VALVE ASSY ,4.45
1003,9187-218C ,ASSY BACKLEAK VALVE ,4.54
1004,9187-218D ,PRESSURISING VALVE ASSY. ,4.58
1005,9187-222 ,HEAD AND ROTOR & METERING VALVE ,125.75
1006,9187-224 ,GOVERNOR COVER AND PISTON ,48.86
1007,9187-229 ,THROTTLE SHAFT RIVET ASSEMBLY ,1.32
1008,9187-230 ,X HEAD AND ROTOR + MV ,116.29
1009,9187-234C ,HEAD LOCKING BOLT ,2.42
1010,9187-240B ,X HEAD AND ROTOR + MV ,89.45
1011,9187-241B ,CAM & SCROLL PLATE SET ,60.59
1012,9187-242A ,"ASSY HOUSING,BUSH & BALL ",38.85
1013,9187-243A ,GOVERNOR COVER SUB ASSEMBLY ,91.96
1014,9187-351 ,NAME PLATE ,1.25
1015,9187-351A ,NAME PLATE STP ,1.25
1016,9187-354 ,CABLE SUPPORT BRACKET ,8.86
1017,9187-354A ,CABLE SUPPORT BRACKET ,6.96
1018,9187-363A ,THROTTLE LEVER ,1.55
1019,9187-383 ,REAR SUPPORT BRACKET-MDI E2 ,3.48
1020,9187-392 ,SUPPORT BRACKET ,3.15
1021,9187-394 ,PUMP SUPPORT BRACKET ,3.59
1022,9187-396 ,LUCAR BLADE ,0.99
1023,9187-398 ,CAP NUT ,3.43
1024,9187-428B ,END PLATE ,3.97
1025,9187-452 ,SCREW ,1.36
1026,9187-505 ,DRIVE SHAFT ,9.35
1027,9187-549 ,FUEL LINE CONNECTION ,2.77
1028,9187-563 ,CAM RING ,34.06
1029,9187-567C ,M/C GOVERNOR COVER(PDC) - STP/MM575 ,7.19
1030,9187-575 ,COLD ADVANCE PISTON ,1.96
1031,9187-579 ,T P LINER ,4.74
1032,9187-589AB ,DRIVE SHAFT ,34.03
1033,9187-589AH ,DRIVE SHAFT-DI ,35.04
1034,9187-589AL ,DRIVE SHAFT-CP ,29.47
1035,9187-592B ,CAM TORQUE TRIMMER ,2.95
1036,9187-593 ,CAM RING ,49.2
1037,9187-615 ,SPRING TROTTLE RETURN ,8.59
1038,9187-618A ,SPRING ADVANCE ,3.94
1039,9187-652 ,PLUG ,0.92
1040,9187-700 ,TAMPER PROFF SLEEVE ,5.75
1041,9187-712 ,PROTECTION CAP ,0.59
1042,9187-713 ,CONNECTOR ,6.96
1043,9187-714 ,TAMPER PROOF CAP ,1.63
1044,9187-716 ,DRAIN VENT SCREW ,4.08
1045,9187-718A ,TAMPER PROOF CAP ,1.82
1046,9187-819 ,NUT (DRIVE) ,6.63
1047,9187-864 ,DRIVE SHAFT NUT ,1.55
1048,9187-866 ,CONNECTION FUEL INLET ,2.69
1049,9187-867A ,END PLUG - DI ,7.45
1050,9187-873 ,SCREW ADJUSTER (IDLE) ,5.71
1051,9187-873A ,SCREW ADJUSTER ,4.58
1052,9187-874 ,LOCK NUT ,2.46
1053,9187-877 ,TORQUE TRIMMER CAM ,3.26
1054,9187-889B ,FIRING ORDER PLATE ,2.3
1055,9187-894B ,CAM TORQUE TRIMMER ,2.95
1056,9187-894E ,CAM TORQUE TRIMMER ,2.95
1057,9187-896 ,NUT DRIVE SHAFT ,1.93
1058,9187-950 ,SEALING WASHER ,1.17
1059,9187-954A ,NOZZLE CAPNUT ,1.94
1060,9187-954G ,NOZZLE CAP NUT ,2.42
1061,9187-955B ,NOZZLE HOLDER BODY ASSY ,13.89
1062,9187-956 ,MDI - COUPLING ,1.82
1063,9187-975A ,NOZZLE CAP NUT ,7.76
1064,9187-981B ,PROTECTION CAP ,0.98
1065,9187-990 ,NOZZLE HOLDER BODY ASSY ,6.76
1066,9187-994A ,SEALING WASHER ,2.94
1067,9187-994C ,SEALING WASHER ,3.12
1068,9188-003 ,X BOLT BANJO ,7.53
1069,9188-004 ,X BASE FILTER ,5.8
1070,9188-008 ,KIT METERING VALVE ,15.02
1071,9188-010 ,T P REGULATION SERVICE KIT ,5
1072,9188-017 ,OVERHAUL KIT SVP PACKED (superceedes SVP-022) ,15.32
1073,9188-018A ,FIS SERVICE KIT WITH NOZZLE ,127.03
1074,9188-018B ,FIS SERVICE KIT WITH NOZZLE ,83.62
1075,9188-019A ,FIS SERVICE KIT WITH NOZZLE ,116.16
1076,9188-019B ,FIS SERVICE KIT WITH NOZZLE ,83.62
1077,9188-021A ,FIS SERVICE KIT WITH NOZZLE ,127.03
1078,9188-021B ,FIS SERVICE KIT WITHOUT NOZZLE ,83.83
1079,9188-022A ,FIS SERVICE KIT WITH NOZZLE ,116.16
1080,9188-022B ,FIS SERVICE KIT WITHOUT NOZZLE ,83.62
1081,9188-023A ,FIS SERVICE KIT WITH NOZZLE ,116.16
1082,9188-023B ,FIS SERVICE KIT WITHOUT NOZZLE ,83.62
1083,9188-035 ,HYD HEAD ASSY FOR TATA ACE ,45.25
1084,9188-038A ,NOZZLE KIT ,24.19
1085,9188-038B ,NOZZLE KIT ,24.19
1086,9188-038C ,NOZZLE KIT ,24.13
1087,9188-039A ,FIS KIT WITH NOZZLE ,164.69
1088,9188-039B ,FIS KIT WITHOUT NOZZLE ,134.49
1089,9188-040A ,FIS KIT WITH NOZZLE ,164.69
1090,9188-040B ,FIS KIT WITHOUT NOZZLE ,134.49
1091,9188-041A ,FIS KIT WITH NOZZLE ,164.69
1092,9188-041B ,FIS KIT WITHOUT NOZZLE ,134.49
1093,9188-042A ,FIS KIT WITH NOZZLE ,164.69
1094,9188-042B ,FIS KIT WITHOUT NOZZLE ,134.49
1095,9188-044A ,FIS KIT WITH NOZZLE ,164.69
1096,9188-044B ,FIS KIT WITHOUT NOZZLE ,134.49
1097,9188-045A ,FIS KIT WITH NOZZLE ,136.07
1098,9188-045B ,FIS KIT WITHOUT NOZZLE ,105.9
1099,9188-046A ,FIS KIT WITH NOZZLE ,164.69
1100,9188-046B ,FIS KIT WITHOUT NOZZLE ,134.49
1101,9188-047A ,FIS KIT WITH NOZZLE ,164.69
1102,9188-047B ,FIS KIT WITHOUT NOZZLE ,134.49
1103,9188-048A ,FIS KIT WITH NOZZLE ,164.69
1104,9188-048B ,FIS KIT WITHOUT NOZZLE ,134.49
1105,9188-050 ,IMPROVED GOVERNOR KIT ,25.2
1106,9188-052 ,CAP NUT ADVANCE BOX KIT ,50.62
1107,9188-053 ,CAP NUT ADVANCE BOX KIT ,48.62
1108,9188-055 ,DPC MINI OVERHAUL KIT ,5.55
1109,9188-057 ,JCB - DP310 Mini Overhaul kit (9188-057 supersedes 9188-031) ,18.54
1110,9188-058 ,DI Mini Service Kit,6.99
1111,9188-060A ,FIS KIT WITH NOZZLE ASSY ,109.16
1112,9188-060B ,FIS KIT WITHOUT NOZZLE ASSY ,77.96
1113,9188-066 ,HEAD AND ROTOR KIT ,96.88
1114,9188-072 ,X TP BLADE&LINER (9188-072 superceeds 9100-993) ,12.28
1115,9188-078 ,ECONOMY KIT - TATA ACE ,81.76
1116,9188-082 ,TWO SPRING LINK KIT ,2.44
1117,9188-083 ,MINI REPAIR KIT1 ,2.24
1118,9188-084 ,MINI REPAIR KIT2 ,2.57
1119,9188-085 ,H&R KIT for ACE with FOCs ,80.7
1120,9188-086 ,HEAD & ROTOR KIT ,114.62
1121,9188-087 ,HEAD & ROTOR KIT ,95.79
1122,9188-088 ,HEAD & ROTOR KIT ,125.92
1123,9188-089 ,JCB SIX GOVERNOR WEIGHTS KIT ,16.34
1124,9188-090 ,JCB SIX GOVERNOR WEIGHTS and TWO SPRING LINK KIT ,17.29
1125,9188-092 ,OVERHAUL KIT DPC PACKED ,12.89
1126,9188-095 ,JCB SIX GOVERNOR WEIGHTS KIT ,16
1127,9188-096 ,JCB SINGLE SPRING LINK KIT ,0.81
1128,9188-146 ,JCB Mini kit ,19.55
1129,9188-147 ,JCB Mini kit ,38.06
1130,9188-201 ,H&H KIT WITH NOZZLE QTY 3 NOS FOR ACE VEHICLES WITH FOCs ,96.87
1131,9188-202 ,JCB Mini kit ,64.78
1132,9188-202A ,JCB Mini kit ,64.78
1133,9188-202B ,JCB Mini kit ,149.63
1134,9188-202C ,JCB Mini kit ,149.63
1135,9188-202D ,JCB Mini kit ,149.63
1136,9188-202E ,JCB Mini kit ,149.63
1137,9188-202F ,JCB Mini kit ,167.08
1138,9188-202G ,JCB Mini kit ,167.08
1139,9188-202H ,JCB Mini kit ,167.08
1140,9188-202J ,JCB Mini kit ,167.08
1141,9190-201B ,PLATE SUPPORT ,2.27
1142,9190-201C ,REAR SUPPORT BRACKET ,2.31
1143,9190-201D ,REAR SUPPORT BRACKET ,2.34
1144,9190-203 ,PLATE SUPPORT ,23.73
1145,9190-207 ,X COVER CONTROL ,6.28
1146,9190-207A ,X GOVERNOR COVER ,6.13
1147,9190-207B ,GOVERNOR COVER ,8.06
1148,9190-207C ,GOVERNOR COVER ,7.87
1149,9190-207D ,GOVERNOR COVER ,8.06
1150,9190-207E ,GOVERNOR COVER ,36.18
1151,9190-207F ,COVER ASSY. ,7.68
1152,9190-207G ,GOVERNOR COVER ,8.06
1153,9190-209 ,VENT PLUG ,1.74
1154,9190-210 ,ADJ.SCREW ,9.79
1155,9190-213 ,COLD ADVANCE ELECTROVALVE ,19.02
1156,9190-214 ,COLD ADVANCE SOLENOID ,9.07
1157,9190-216 ,GOVERNOR COVER FOR SUB ASSY. ,32.7
1158,9190-217 ,HEAD AND ROTOR (DPC-N) ,102.27
1159,9190-218 ,COLD ADVANCE SOLENOID ,9.54
1160,9190-219L ,HEAD AND ROTOR ,160.99
1161,9190-221L ,HYDRAULIC HEAD ASSY. ,121.35
1162,9190-222N ,HEAD AND ROTOR ,129.76
1163,9190-223L ,HEAD AND ROTOR ,129.58
1164,9190-223N ,HYDRAULIC HEAD ASSY. ,122.53
1165,9190-224 ,COLD ADVANCE SOLENOID WITH CONNECTOR ,13.85
1166,9190-228J ,HEAD AND ROTOR (MALE THREADED ) ,123.54
1167,9190-229L ,HYDRAULIC HEAD ASSY. ,117.79
1168,9190-230J ,HYDRAULIC HEAD ASSY. ,98.44
1169,9190-305 ,BALL JOINT ,2.62
1170,9190-307 ,CABLE GUIDE SUPPORT ,8.89
1171,9190-307A ,CABLE GUIDE SUPPORT ,9.39
1172,9190-307B ,CABLE GUIDE SUPPORT ,6.2
1173,9190-307C ,CABLE GUIDE SUPPORT ,9.39
1174,9190-319A ,THROTTLE LEVER ASSY ,5.98
1175,9190-319C ,THROTTLE LEVER ,6.13
1176,9190-321 ,THROTTLE LEVER ASSY ,12.11
1177,9190-322 ,THROTTLE LEVER [ BOLERO ] ,6.32
1178,9190-324A ,THROTTLE LEVER ASSY ,1.48
1179,9190-325 ,THROTTLE LEVER SUB ASSEMBLY ,2.46
1180,9190-332 ,TRANSFER PUMP LINER ,4.74
1181,9190-333 ,THROTTLE LEVER ,3.95
1182,9190-505 ,MINI-MAXI ,6.36
1183,9190-505A ,X SHAFT & SPRING (MINI MAXI) ,5.41
1184,9190-505B ,GOVERNOR SPRING AND SHAFT ,6.39
1185,9190-505C ,X SHAFT & SPRING-MINIMAXI ASSY ,3.67
1186,9190-505D ,MINI-MAXI ASSY. ,4.54
1187,9190-509A ,X LLA PROGRESSIVE ,12.15
1188,9190-509D ,X PLLA ASSY(XD3-MM E2) ,12.15
1189,9190-509E ,PLLA SUB ASSEMBLY ,12.15
1190,9190-509H ,X LLA PROGRESSIVE ,10.83
1191,9190-510B ,GOVERNOR SPRING & SHAFT ,16.16
1192,9190-510C ,X SHAFT & SPRING ,5.71
1193,9190-510D ,MINI MAXI ASSY ,9.31
1194,9190-510F ,X SHAFT & SPRING ,5.71
1195,9190-510G ,MINI MAXI ASSY ,9.31
1196,9190-510H ,MINI MAXI ASSY ,9.31
1197,9190-510J ,MINI MAXI ASSY ,9.31
1198,9190-510K ,MINI MAXI ASSY ,9.31
1199,9190-518 ,STOP SHAFT INDIGO ,1.4
1200,9190-535 ,PRESSURISING VALVE ASSY ,4.45
1201,9190-535A ,PRESSURISING VALVE ASSY ,4.45
1202,9191-006 ,CAM RING ,49.2
1203,9191-007 ,CAM RING ,41.64
1204,9191-009 ,CAM RING ,41.64
1205,9191-023 ,CAM RING ,41.64
1206,9191-024 ,CAM RING ,41.64
1207,9191-025 ,ADVANCE CAP ,1.51
1208,9191-026 ,MAXIMUM ADVANCE STOP ,1.21
1209,9191-029 ,VALVE HOLDER ,7.38
1210,9191-030 ,CAMRING ACE BS2 ,34.06
1211,9191-032 ,TP BOLT ,2.29
1212,9191-033 ,CONTROL PISTON ,2.61
1213,9191-035 ,CAM RING ,41.64
1214,9191-042 ,CAM RING ,34.06
1215,9191-044 ,DUMPING PLUG ,0.83
1216,9191-046 ,PLUG TIMING ,0.66
1217,9191-047 ,ADVANCE CAP ,1.37
1218,9191-048 ,ADVANCE CAP ,1.36
1219,9192-701 ,SPRING - SHUT OFF LEVER ,2.31
1220,9192-702 ,SPRING ,3.29
1221,9192-704P ,CARRIAGE RETURN SPRING ,1.02
1222,9192-704Q ,EXCESS FUEL VALVE SPRING ,1.32
1223,9192-705 ,PIN SPRING ,0.95
1224,9192-900 ,SETTING CAM ,2.91
1225,9192-901 ,CAM ,2.77
1226,9192-906 ,INSPECTION PLUG ,3.5
1227,9193-102 ,PUMP HOUSING ,45.39
1228,9193-201 ,FICD BRACKET N/A ,3.33
1229,9193-202A ,FAST IDLE LEVER ,2.42
1230,9193-203A ,REAR MOUNTING BRACKET ,11.2
1231,9193-204 ,SUPPORT BRACKET ,4.73
1232,9193-204A ,CONNECTOR SUPPORT BRACKET ,5.52
1233,9193-211 ,BRACKET ,1.17
1234,9193-214 ,CABLE SUPPORT BRACKET ,1.25
1235,9193-216 ,CONNECTOR SUPPORT BRACKET ,5.52
1236,9193-217 ,CONNECTOR CLIP ,1.36
1237,9193-222 ,REAR SUPPORT BRACKET ,2.23
1238,9193-222A ,SUPPORT BRACKET ,2.01
1239,9193-222B ,REAR SUPPORT BRACKET ,1.63
1240,9193-222C ,REAR SUPPORT BRACKET (GREEN ) ,3.26
1241,9193-223B ,FAST IDLE BRKT ,2.08
1242,9193-223C ,FAST IDLE BRKT ,3.02
1243,9193-224A ,EGR SUPPORT BRACKET ,3.02
1244,9193-225 ,FAST IDLE SCREW ,4.84
1245,9193-228 ,CONTROL SUPPORT BRACKET ,4.05
1246,9193-229 ,CONNECTOR SUPPORT BRACKET ,6.39
1247,9193-230A ,CONNECTOR LOCKING BRACKET ,1.44
1248,9193-235 ,CONNECTOR SUPPORT BRACKET ,3.02
1249,9193-236A ,SUPPORT BRACKET ,3.02
1250,9193-238 ,CONNECTOR SUPPORT BRACKET ,7.44
1251,9193-239 ,REAR SUPPORT BRACKET ,17.81
1252,9193-240 ,VACUUM ACTUATOR BRACKET ,16.23
1253,9193-500C ,EXCESS FUEL CARRIAGE SPACER ,2.77
1254,9193-500E ,EXCESS FUEL CARRIAGE SPACER ,2.77
1255,9193-500F ,EXCESS FUEL CARRIAGE SPACER ,3.89
1256,9193-800 ,XD3 EURO-2 PUMP HOUSING ,52.27
1257,9193-801 ,PUMP HOUSING ,52.27
1258,9193-804 ,POTENTIOMETER SUPPORT ,1.85
1259,9193-806 ,PUMP HOUSING ,52.27
1260,9193-807 ,PUMP HOUSING ,52.27
1261,9197-001 ,SIMMONDS NUT ,2.83
1262,9197-003 ,SCREW ,0.72
1263,9197-005 ,NUT ,1.96
1264,9197-006 ,NUT (BOOST CAPSULE) ,3.46
1265,9197-012 ,BACK LEAK SCREW ,2.91
1266,9197-013A ,BACK LEAK SCREW WASHER ,0.42
1267,9197-015 ,MAX. SPEED SCREW ,0.11
1268,9197-025 ,RIGHT SIDE CENTERBOLT ,4.58
1269,9197-802 ,PROTECTION CAP ,0.83
1270,9197-803 ,CAP PROTECTION ,0.22
1271,9197-808 ,CAP PROTECTION ,0.22
1272,9197-809 ,PROTECTION CAP ,0.83
1273,9197-812 ,EGR CAM ,0.45
1274,9197-817 ,PROTECTION CAP ,1.82
1275,9198-014 ,ASSY ELECTRIC SHUT-OFF SOLENOID ,7.9
1276,9198-015 ,ASSY ELECTRIC SHUT-OFF SOLENOID ,7.9
1277,9198-016 ,POTENTIOMETER (NON CONTACT TYPE) ,18.27
1278,9520A491G ,DP310 PUMP - BS2 ,516.42
1279,9520A502G ,DP310 PUMP - BS3 ,516.42
1280,FSG6260011A ,FILTER ASSEMBLY ,25.6
1281,G07070002A ,ECU ,30.39
1282,G07080002A ,ECU ,174.08
1283,G07080003A ,ECU ,174.08
1284,G07080006A ,ECU ,174.08
1285,G07080007A ,ECU ,174.08
1286,G07080101A ,ECU ,194.98
1287,G07080109A ,ECU ,174.08
1288,G07080110A ,ECU ,174.08
1289,G07080111A ,ECU ,174.08
1290,G07080112A ,ECU ,174.08
1291,G07080116A ,ECU ,174.08
1292,G07080308A ,ECU ,174.08
1293,G07080309A ,ECU ,174.08
1294,G6248020A ,FILTER ASSEMBLY (M&M 575- DI) ,25.6
1295,G6248050A ,FILTER ASSEMBLY (STP2 SIMPSONS S325 TREM ,30.38
1296,G6248070A ,FILTER ASSEMBLY (S325 TREM3A) ,30.38
1297,G6248070A-RE ,TWIN FILTER ,21.82
1298,G6248080A ,TWIN FILTER ASSEMBLY WITHOUT HAND PRIMER ,30.38
1299,G6248080A-RE ,TWIN FILTER W/O HAND PRIMER ,21.82
1300,G6248090A ,ASSY. DOUBLE FUEL FILTER WITH WIF SENSOR ,22.98
1301,G6248100A ,TWIN FILTER ASSY WITH WATER SENSOR(superceedes G6248090A) ,17.52
1302,G6248110A ,TWIN FILTER ASSY(superceedes FSG6300B070A) ,23.21
1303,G6260040A ,ASSY SINGLE FUEL FILTER W/O PRIMING PUMP ,23.26
1304,G6260050A ,SINGLE FILTER ,30.2
1305,G6260060A ,SINGLE FILTER ASSEMBLY ,44.77
1306,G6260070A ,SINGLE FILTER FORD-AM MOTOCRAFT ELEMENT ,44.77
1307,G8470B511A ,DPC-TML CUB 2 CYL PUMP - BS 4 ,399.17
1308,G8470B531A ,DPC-TML CUB 2 CYL PUMP - BS 3 ,348.87
1309,G8470B550A ,DPC-TML CUB 2 CYLINDER BS-2 ,343.88
1310,G8470B551A ,DPC-TML CUB 2 CYLINDER BS-2 ,343.88
1311,G8470B570A ,DPC-TML CUB 2 CYL PUMP - BS 4 (Superceeds G8470B512A) ,399.17
1312,G8473B230A ,DPC PUMP (EURO-I) ,614.41
1313,G8473B230B ,DPC PUMP (EURO-I) ,725.58
1314,G8473B341A ,ASSY DISTRIBUTOR PUMP BS -III ,721.37
1315,G8473B390A ,DPC PUMP (EURO-II) ,628.01
1316,G8473B420A ,DPC E-II WITH POT.METER ( EQUIVALENT TO G8473B321A WITH MALE THREAD H&R) ,501.97
1317,G8473B500A ,ASSY DISTRIBUTOR PUMP (DELPHI-BS-IV) ,484.07
1318,G8478B301A ,DPCN TC IC PUMP ,615.54
1319,G8478B430A ,ASSY DISRIBUTOR PUMP(NA BS-III) ,512.21
1320,G8478B431A-RE ,PUMP ,382.92
1321,G8478B440A ,ASSY DISRIBUTOR PUMP(E-III TCIC) ,615.54
1322,G8478B441A ,DPC(N) PUMP - BS3 ,615.54
1323,G8478B441A-RE ,PUMP ,447.48
1324,G8972A450A ,MULTI CYLINDER FUEL INJECT PUMP-TRAM 3A ,386.23
1325,G8972A450A-RE ,PUMP ,246.75
1326,G8973A024C ,SVP PUMP (EURO-I) ,553.49
1327,G8973A216A ,SVP PUMP (EURO-II) TC ,598.7
1328,LCR6730701B ,LCR INJECTOR (R6730701B) ,34.63
1329,LCR6730709G ,LCR INJECTOR (R6730709G) ,34.63
1330,LDCG00101A ,ASSY INJ W/H NOZZELE HOLDER ,32.92
1331,LDCG00101AA1 ,ASSY INJ CYL (NLS) (BS -III) ,82.35
1332,LDCG00101AA1- ,RINEJECTOR (NLS) ,67.85
1333,LDCG00101A-RE ,INJECTOR ,20.89
1334,LDCG00102A ,TML CUB 2 CYLINDER BS3 ,29.59
1335,LDCG00103A ,LDC INJECTOR ,28.42
1336,LDCG00302A ,ASSY INJ W/H NOZZELE HOLDER ,32.92
1337,LDCG00302AA1 ,ASSY INJ CYL (NLS) (E-III-TCIC) ,82.35
1338,LDCG00302AA1- ,RINEJECTOR (NLS) ,67.85
1339,LDCG00302A-RE ,INJECTOR ,20.89
1340,LDCR02401A ,LDC INJECTOR (R02401A) ,32.92
1341,LJBB03904A ,INJECTOR 56KW BS3 SFC Upgrade ,24.17
1342,LJBB05501A ,FUEL INJECTOR 63 KW T3 ,25.14
1343,LJBB05506A ,LJB INJECTOR ,26.88
1344,LJBB05507A ,INJECTOR 56KW BS III NIL RISK ,25.14
1345,LJBG00931A ,DPT SIMPSONS S325 TREM 3A ,56.73
1346,LJBG00931A-RE ,INJECTOR ,39.17
1347,LJCG00301A ,INJECTOR ,45.03
1348,LJCG00501A ,LJC INJECTOR (G00501A) ,59.84
1349,LJCG00801A ,LJC INJECTOR ,59.84
1350,LRBG00701A ,LRB INJECTOR ,59.84
1351,LRBG00711A ,LRB INJECTOR ,59.65
1352,LRCG02001G ,ASSY NOZZLE 4 DLTC ,32.91
1353,NC7-008 ,STEEL BALL ,0.91
1354,ND1-063 ,DOWEL PIN ,0.42
1355,NK1-022 ,KEY ,11.84
1356,NP1-004 ,WASHER SHAKEPROOF ,0.3
1357,OHK-761W ,OVERHAUL KIT ,18.59
1,9188-005 ,FILTER ELEMENT ,1.55
2,9188-024 ,FILTER ELEMENT ,1.4
3,9188-056A ,KIT FUEL FILTER ELEMENT FOR TML- PCBU ,1.54
4,9188-071A ,KIT FUEL FILTER ELEMENT (bulk packing) ,1.54
5,9188-093 ,KIT FUEL FILTER ELEMENT FOR TML - CVBU ,1.54
6,9188-094 ,KIT FUEL FILTER ELEMENT FOR TML - PCBU ,1.54
7,9188-513 ,KIT FILTER ELEMENT (GREEN) ,2.71
8,9188-514 ,KIT FILTER ELEMENT (BULE) ,2.87
Inline filters ,,,
1,9188-801 ,0.5 Ltr Cloth Type Fuel Filter ,1.23
2,9188-802 ,0.5 Ltr Coil Type Fuel Filter ,1.28
3,9188-803 ,0.5 Ltr Star type Fuel Filter ,1.27
4,9188-804 ,1.1 Ltr Cloth Type Fuel Filter ,1.54
5,9188-805 ,1.1 Ltr Coil Type Fuel Filter ,1.67
6,9188-806 ,1.1 Ltr Star type Fuel Filter ,1.64
7,9188-807 ,0.5 Ltr Cloth + Coil Kit ,2.4
8,9188-808 ,0.5 Ltr Cloth + Paper Kit ,2.51
9,9188-809 ,0.5 Ltr Coil + Coil Kit ,2.54
10,9188-810 ,1.1 Ltr Cloth + Coil Kit ,3.14
11,9188-817 ,TAFE/New Holland Filter- Secondary ,3.4
12,9188-818 ,TAFE/New Holland Filter- Primary ,3.4
13,9188-823 ,0.5ltr Metal free ,1.06
14,9188-824 ,1.1L Metral free ,1.34
15,9188-827 ,FUEL WATER SEPERATOR - AL HINO ,13.39
16,9188-828 ,TATA CUMMINS - BSII FUEL FILTER ,2.57
17,9188-829 ,TATA CUMMINS - BSII SMALL NUT ,4.13
18,9188-830 ,TATA CUMMINS - BSII BIG NUT ,4.02
19,9188-831 ,FUEL FILTER - TC BSIII ,11.92
20,9188-832 ,FUEL WATER SEPERATOR - SMALL NUT - TC BSIII ,11.23
21,9188-833 ,FUEL WATER SEPERATOR- BIG NUT - TC BSIII ,13.67
Inline child parts ,,,
1,9188-100 ,Delivery Valve ,2.5
2,9188-100A ,Delivery Valve ,2.27
3,9188-100B ,Delivery Valve ,2.22
4,9188-100C ,Delivery Valve ,2.62
5,9188-100D ,Delivery Valve ,2.2
6,9188-100E ,Delivery Valve ,2.3
7,9188-101 ,Delivery Valve ,2.17
8,9188-102 ,Element ,5.55
9,9188-103 ,Element ,8.22
10,9188-104 ,Element ,8.35
11,9188-105 ,Element ,5.51
12,9188-106 ,Element ,5.31
13,9188-107 ,Element ,8.56
14,9188-108 ,Element ,6.28
15,9188-109 ,Element ,5.89
16,9188-110 ,Element ,6.81
17,9188-111 ,Element ,6.98
18,9188-112 ,Nozzle ,14.11
19,9188-113 ,Nozzle ,12.42
20,9188-114 ,Nozzle ,16.29
21,9188-115 ,Nozzle ,14.84
22,9188-117 ,Element ,7.67
23,9188-118 ,Element ,8.07
24,9188-119 ,ELEMENT ,8.41
25,9188-120 ,Element ,7.62
26,9188-124 ,Element ,7.25
27,9188-125 ,Element ,11.13
28,9188-127 ,Element ,6.32
29,9188-128 ,Element ,4.96
30,9188-129 ,Element ,5.4
31,9188-130 ,Element ,5.26
32,9188-131 ,Element ,5.49
33,9188-132 ,Element ,6.39
34,9188-133 ,Element ,9.79
35,9188-135 ,Element ,5.49
36,9188-138 ,Delivery Valve ,2.14
37,9188-139 ,Delivery Valve ,4.07
38,9188-140 ,Delivery Valve ,2.66
39,9188-141 ,Delivery Valve ,4.23
40,9188-143 ,Delivery Valve ,2.5
41,9188-144 ,Delivery Valve ,3.05
42,9188-145 ,Delivery Valve ,3.05
43,9188-149 ,Nozzle ,14.84
44,9188-150 ,Nozzle ,14.25
45,9188-151 ,Nozzle ,13.25
46,9188-152 ,Element ,6.67
47,9188-153 ,Element ,9.75
48,9188-154 ,Element ,6.32
49,9188-157 ,Delivery Valve ,2.67
50,9188-158 ,Delivery Valve ,2.03
51,9188-159 ,Delivery Valve ,1.62
52,9188-160 ,Element ,5.26
53,9188-161 ,Element ,2.58
54,9188-162 ,Element ,5.51
55,9188-163 ,Element ,5.11
56,9188-164 ,Delivery Valve ,2.47
57,9188-165 ,Element ,5.27
58,9188-166 ,Delivery Valve ,2.27
59,9188-167 ,Element ,8.19
60,9188-168 ,Element ,9.15
61,9188-169 ,Element ,6.32
62,9188-170 ,Element ,6.56
63,9188-171 ,Element ,5.49
64,9188-172 ,Element ,8.35
65,9188-173 ,Element ,5.38
66,9188-174 ,Element ,7.13
67,9188-175 ,NOZZLE ASSY ,16.7
68,9188-176 ,NOZZLE ASSY ,19.74
69,9188-177 ,NOZZLE ASSY ,17.8
70,9188-178 ,NOZZLE ASSY ,17.71
71,9188-179 ,NOZZLE ASSY ,14.4
72,9188-180 ,Delivery Valve ,2.06
73,9188-181 ,Element ,7.67
74,9188-182 ,Element ,8.46
75,9188-183 ,Element ,11.61
76,9188-184 ,Delivery Valve ,2.92
77,9188-185 ,Element ,6.95
78,9188-186 ,Element ,6.18
79,9188-187 ,Delivery Valve ,2.69
80,9188-188 ,NOZZLE ,18.34
81,9188-189 ,NOZZLE ,16.7
82,9188-190 ,NOZZLE ,17.8
83,9188-191 ,NOZZLE ,21.73
84,9188-192 ,NOZZLE ,17.64
85,9188-193 ,NOZZLE ,16.38
86,9188-194 ,NOZZLE ,14.88
87,9188-195 ,NOZZLE ,20.67
88,9188-196 ,NOZZLE ,17.87
89,9188-197 ,NOZZLE ,19.04
90,9188-198 ,NOZZLE ,32.49
91,9188-199 ,NOZZLE ,12.61
92,9188-200 ,NOZZLE ,14.32
93,9188-203 ,Element ,7.97
94,9188-204 ,Element ,7.68
95,9188-211 ,ELEMENT ,5.75
96,9188-212 ,ELEMENT ,9.46
97,9188-213 ,ELEMENT ,8.83
98,9188-214 ,ELEMENT ,9.7
99,9188-215 ,ELEMENT ,6.61
100,9188-216 ,ELEMENT ,8.41
101,9188-217 ,ELEMENT ,6.1
102,9188-218 ,ELEMENT ,9.06
103,9188-219 ,ELEMENT ,8.79
104,9188-220 ,ELEMENT ,8.67
105,9188-221 ,DELIVERY VALVE ,2.09
106,9188-222 ,DELIVERY VALVE ,2.27
107,9188-223 ,DELIVERY VALVE ,2.28
108,9188-224 ,DELIVERY VALVE ,2.91
109,9188-226 ,DELIVERY VALVE ,2.37
110,9188-242 ,MUP SERVICE KIT ,18.97
111,9188-834 ,MUP SERVICE KIT ,26.11
112,9188-836 ,NOZZLE ,16.32
113,9188-837 ,NOZZLE ,22.54
114,9188-838 ,NOZZLE ,17.43
115,9188-839 ,NOZZLE ,16.7
116,9188-840 ,NOZZLE ,11.56
117,9188-841 ,NOZZLE ,10.21
118,9188-842 ,NOZZLE ,9.5
119,9188-843 ,NOZZLE ,11.67
120,9188-844 ,NOZZLE ,12.69
121,9188-845 ,NOZZLE ,9.33
122,9188-846 ,NOZZLE ,9.83
123,9188-847 ,NOZZLE ,12.38
124,9188-848 ,NOZZLE ,12.38
125,9188-849 ,NOZZLE ,12.42
126,9188-850 ,NOZZLE ,9.4
127,9188-851 ,NOZZLE ,10.24
128,9188-852 ,NOZZLE ,10.11
129,9188-853 ,NOZZLE ,14.41
130,9188-854 ,NOZZLE ,7.45
131,9188-861 ,NOZZLE ,8.44
1,28092038,SENSOR OUTLINE ,18.34
2,28230673,CR INJECTOR - TATA 4SP UV ,123.21
3,28232251,CR INJECTOR RSA K9K ,104.99
4,28233373,IMV ACTUATOR(TOSOK) ,78.09
5,28234090,PRESSURE LIMITING VALVE (ALT part No.9307z524A) ,24.12
6,28239752,WATER SENSOR W/O LEAD - 150A ,6.25
7,28239754,WATER SENSOR W/O LEAD - 151A ,6.25
8,28239946,NOZZLE ASSEMBLY/TML 2.2 E4 ,20.53
9,28240304,NOZZLE ASSEMBLY ,14.25
10,28241009,O-RING ,1.95
11,28244634,NOZZLE ASSEMBLY ,14.25
12,28251586,X OVER SEDIMENTOR ,36.87
13,28251588,X OVER FILTER ,22.9
14,28253155,CR INJECTOR MDI/3MM CU WASHER ,98.8
15,28262608,DFP1- PUMP TML 2.2 LITRE ,368.76
16,28272857,NOZZLE ASSEMBLY ,14.25
17,28272872,RAIL ,158.64
18,28273051,CR RAIL - COOPER 2 CYL ,35.91
19,28275444,ADAPTOR PLATE ASSY - COOPER- NA ,24.96
20,28275448,ADAPTOR PLATE ASSY - COOPER- TC ,24.96
21,28277306,TAPPET ASSY ,28.16
22,28277347,ASSY FUEL INJECTION PUMP ,82.23
23,28277354,UPCR PUMP WITHOUT CAM BOX ASSY ,92.75
24,28277357,UPCR PUMP ,122.6
25,28280576,CR INJECTOR TML 1.4L ,126.83
26,28280600,CR INJECTOR TML 2.2L E4 ,126.58
27,28288104,CR INJECTOR TML 2.2L E5 ,126.25
28,28288929,NOZZLE ASSEMBLY ,14.25
29,28288930,CR INJECTOR AL 3 CYL ,93.22
30,28289699,NOZZLE ASSEMBLY ,14.25
31,28289886,DFP1- PUMP TML 3.0 LITRE ,341.07
32,28298007,CR RAIL MDI ,65.42
33,28299452,IMV ACTUATOR(BW) Superceeds 9307Z523B ,78.09
34,28300148,CR RAIL AL 3CYL ,87.08
35,28308138,NOZZLE ASSEMBLY/TML 1.4 ,20.53
36,28308686,DFP1- PUMP TML 1.4 LITRE ,328.35
37,28312228,ECU - DCM2.5 FOR AL ,120.52
38,28315244,INLET BANJO BOLT WITH VENT SCREW KIT ,2.15
39,28320083,INJECTOR ,116.4
40,28322918,CAM DRIVE SHAFT- TML 1.4L ,33.25
41,28323207,CR SEDIMENTOR TML 4SP ,35.23
42,28323443,ASSY. FUEL RAIL 1.05 L ,86.53
43,28328148,SEALING WASHER ,0.99
44,28331942,DFP1- PUMP RSA 1.5 LITRE ,240.7
45,28350687,PUMP 5L ,834.53
46,28404716,HIGH PRESSURE PUMP ASSY. ,385.72
47,28407560,CR INJECTOR MDI ,99.05
48,28436226,HP PUMP 1.4L ,305.44
49,28436232,HIGH PRESSURE PUMP ASSY. ,338.04
50,28436236,TOSOK PUMP WITH IMV TML 3L ,322.46
51,28441809,TOSOK PUMP WITH IMV ,226.15
52,28447585,LIP seal (Exiting part # 9307Z412A) ,4.14
53,28463904,INJECTOR-19mm ,118.33
54,28535488,CR INJECTOR - M&M 2.5L (19mm) ,97.37
55,10SK165 ,NOZZLE PROTECTION CAP UPCR INJ ,2.7
56,15SK136 ,RAIL ,89.18
57,16SK412 ,CR RAIL - TML 5L - 2000 BAR BS4 ,168
58,16SK624 ,UPCR PUMP+CAM BOX ASSEMBLY ,113.83
59,16SK638 ,RAIL ,61.53
60,28230673-RE ,ASSY INJECTOR - 4SP UV ,99.56
61,28232251-RE ,ASSY INJECTOR - RSA ,100.22
62,28240131CA ,CR INJECTOR - COOPER TC ,115.79
63,28253155-RE ,CR INJECTOR MDI RECON ,86.9
64,28259299CA ,HP CONNECTOR NUT ASSY S/S PART NO. 28253135 ,5.51
65,28280576-RE ,CR INJECTOR TML 1.4L RECON ,99.56
66,28280600-RE ,CR INJECTOR TML 2.2L E4 RECON ,99.56
67,28288104-RE ,ASSY INJECTOR - 2.2 L E5 ,99.3
68,28288930-RE ,CR INJECTOR AL 3 CYL RECON ,86.9
69,28338840CB ,INJECTOR ,147.86
70,28383091CA ,HP CONNECTOR QUILL ASSY S/S PART NO. 28313781 ,10.24
71,28407560-RE ,ASSY INJECTOR - MDI CR ,86.9
72,28448206AL ,PUMP ,361.96
73,28458380CB ,CR INJECTOR - TATA NEXON (19mm) ,117.8
74,28530129CA ,INJECTOR ,86.77
75,28608323CA ,INJECTOR (19MM) ,97.4
76,7169-519C ,INJECTOR RING ,2.97
77,7169-519D ,INJECTOR RING ,2.62
78,9161-115B ,PUSH ,2.64
79,9167-503 ,SEALING WASHER ,1.62
80,9167-809B ,PROTECTION CAP ,2.17
81,9183-267 ,WIF SENSOR KIT ,5.37
82,9183-269 ,ANALOG WIF SENSOR (ALT PART NO: 9305Z159A) ,6.44
83,9183-369 ,PRIMING PUMP TML 5L S/S PART NO: 15SK223 ,15.03
84,9188-034 ,CR SEDIMENTOR WITH DP FOR AM ,29.04
85,9188-511 ,PLASTIC BRACKET ASSEMBLY ,1.65
86,9188-516 ,CR O HAUL KIT (9188-516 supersedes 7135-479A) ,135.54
87,9188-550 ,INJECTOR SERVICE KIT WITH NOZZLE ,56.68
88,9188-550A ,INJECTOR SERVICE KIT WITH NOZZLE ,56.68
89,9188-550B ,INJECTOR SERVICE KIT WITH NOZZLE ,56.68
90,9188-550C ,INJECTOR SERVICE KIT WITH NOZZLE ,56.68
91,9188-550D ,INJECTOR SERVICE KIT WITH NOZZLE ,56.68
92,9188-550E ,INJECTOR SERVICE KIT WITH NOZZLE ,56.68
93,9188-550F ,INJECTOR SERVICE KIT WITH NOZZLE ,56.68
94,9188-551 ,INJECTOR SERVICE KIT ,36.27
95,9188-551G ,INJECTOR SERVICE KIT ,36.27
96,9188-568 ,CR INJECTOR (19mm) SERVICE-KIT ,42.03
97,9188-568A ,CR INJECTOR (19mm ) SERIVCE-KIT ,42.03
98,9188-568B ,CR INJECTOR (19mm) SERVICE-KIT ,41.6
99,9199-014 ,BACK LEAK CONNECTOR AL ,5.73
100,9199-016 ,VENTURI ,1.61
101,9199-018 ,ASSY FUEL INJECTION PUMP ,132.01
102,9199-024 ,CAM BOX HOUSING ,27.45
103,9199-054 ,RAIL ,82.33
104,9199-057 ,VENTURI ,3.47
105,9199-084 ,FIP WITH CAM BOX ,185.13
106,9199-094 ,UPCR PUMP ,92.53
107,9199-096 ,CAM BOX ASSY. ,77.19
108,9199-104 ,AL H3/H4 UPCR CAMBOX ASSY S/S 15SK143 ,172.1
109,9300-005A ,VENTURI ASSEMBLY ,2.11
110,9300-005B ,VENTURI ASSEMBLY ,2.43
111,9300Z135 ,ROLLER & SHOE ASSEMBLY ,22.4
112,9300Z135A ,ROLLER & SHOE ASSEMBLY ,22.35
113,9301Z040C ,INLET BANJO DIAM. 8 ,2.59
114,9301Z041C ,HOLLOW SCREW ,11.89
115,9301Z062B ,SPACER 1.4L & 1.5L ,43.78
116,9301Z062C ,SPACER 2.2L & 3L ,67.56
117,9301Z063A ,PT REGUL. STAINLESS PISTON ,2.68
118,9302-010B ,PROTECTION CAP ,3.25
119,9302-016A ,PROTECTION CAP ,1.35
120,9302-702A ,RETAINING RING ,2.17
121,9302-711A ,SPRING WASHER ,14.05
122,9302-716A ,SHOE SPRING ,1.62
123,9302Z028A ,PROTECTIVE CAP ,2.7
124,9302Z028C ,PROTECTION CAP ,2.7
125,9302Z028D ,PROTECTION CAP ORANGE ,0.41
126,9302Z028E ,PROTECTION CAP ,0.81
127,9302Z715B ,BLADE SPRING ,1.35
128,9303-302A ,WELSH PLUG/HYD HEAD CAP ,1.62
129,9303-302C ,WELSH PLUG/HSG CAP ,2.17
130,9303-505B ,TP COVER PLATE ,5.02
131,9303-510A ,HP OUTLET FLANGE ,5.65
132,9303Z524A ,H P OUTLET FLANGE ,14.32
133,9303Z533C ,CAM DRIVE SHAFT- RSA ,33.25
134,9303Z534A ,CAM DRIVE SHAFT- HARD/3.0L ,89.26
135,9303Z534C ,CAM DRIVE SHAFT- HARD/2.2L ,50.51
136,9303Z537A ,TP DISTRIBUTOR PLATE ,5.46
137,9303Z538A ,TP STATOR ,6.29
138,9303Z541A ,TP BLADE ,1.98
139,9304-342L ,X PUMP HOUSING ,29.03
140,9304-403A ,"ROLLER, MACHINING ",22.35
141,9305Z153B ,WATER SENSOR ,8.53
142,9305Z525A ,MOUNTING CLIP - Fuel Pre-Filter Water Sedimentor Sensor ,1.44
143,9307-004A ,M4 FIXING SCREW ,0.88
144,9307-009A ,STOP RING ,0.13
145,9307-024A ,SPIRAL PIN ,2.17
146,9307-303A ,FRONT ROLLER BEARING ,17.21
147,9307-402A ,LIP SEAL 2 ,53.78
148,9307Z016A ,SCREW ,0.16
149,9307Z022B ,FIXING SCREW & WASHER UNLOOSABLE ,3.25
150,9307Z306A ,FRONT ROLLER BEARING ,13.76
151,9307Z308A ,BALL BEARING ,8.77
152,9307Z413A ,O-RING ,21.08
153,9307Z413B ,O-RING ,2.17
154,9307Z413D ,O-RING ,2.17
155,9307Z414A ,TP FLAT SEAL ,0.84
156,9307Z529A ,TEMPERATURE SENSOR ,6.24
157,9308Z002E ,CAP NUT ,3.62
158,9308Z028K ,ADJUSTING RUNNER ,0.69
159,9308Z314A ,PROTECTION CAP ,0.49
160,9308Z401C ,ACTUATING SPRING ,1.05
161,9308Z405A ,NOZZLE SPRING ,1.22
162,9308Z617L ,ADAPTOR PLATE ASSY - M&M ,24.96
163,9308Z617P ,ADAPTOR PLATE ASSEMBLY ,15.11
164,9308Z617Q ,ADAPTOR PLATE ASSY -RSA ,24.96
165,9308Z617R ,ADAPTOR PLATE ASSY - AL ,24.96
166,9308Z617T ,ADAPTOR PLATE ASSEMBLY ,26.97
167,9308Z617V ,ADAPTOR PLATE ASSEMBLY ,26.97
168,EJBR03501D ,CR INJECTOR TML 3.0 L ,123.21
169,EJBR03501D-RE ,CR INJECTOR TML 3.0 L RECON ,86.9
170,G6223010A ,CR PRIMING PUMP TML 1.4L ,4.92
171,R5864340 ,CR SEDIMENTOR TML 3L BS2 ,34.21
172,R5864360 ,CR SEDIMENTOR TML 1.4L ,31.76
173,R9144Z080A ,CR RAIL TML 3.0L ,68.71
174,R9144Z150A ,CR RAIL TML 1.4L ,85.59
175,R9144Z210A ,CR RAIL TML 2.2L ,85.65
CR filters ,,,
1,28240997,UPCR DFF9 FILTER AL ,24.15
2,28251592,TML SAFARI ARMOURED FILTER ,52.01
3,28298304,UPCR DFF9 FILTER M&M ,23.77
4,28323206,TML PRE FILTER XENON 3.0L ,32.63
5,28323301,CR PRE FILTER 4SP UV AND LCV ,32.63
6,28325961,JCB FILTER - EXCAVATOR ,19.56
7,28328990,TML F9 PRE FILTER 2.2L ,32.63
8,28335496,TML F9 FILTER 1.4L C SAMPLE ,27.82
9,28344479,DFF9 FILTER TML 2.2L STALLION ,25.76
10,28377688,DFF3 FILTER SYMC REXTON INDIA ,32.49
11,28381565,DFF9 FILTER TATA ACE IBU ,23.65
12,28385626,TML PRE FILTER SAFARI &ARIA 2.2L ,33.2
13,28391150,CR PRE FILTER AHL 85MM STALLION ,23.89
14,28391151,DFF9 FILTER 2.2L AHL MEDIA WINGER ,23.89
15,28391152,DFF9 FILTER 2.2L AHL MEDIA ARIA/SAFARI ,23.89
16,28391153,CR PRE FILTER DFF9 WITH ALHS ,23.89
17,28408210,MAIN FILTER ,37.3
18,28408236,PRE FILTER ,37.04
19,28419854,Fuel Filter Assy (Pre-Filter) ,25.5
20,28419856,Fuel Filter Assy (Main Filter) ,22.9
21,15SK349 ,CR FILTER DFF9 - TML NEXON 1.5L WITH VACCUM SWITCH ,35.9
22,17SK039 ,PRE FILTER ,40.71
23,17SK040 ,MAIN FILTER ,39.34
24,9183-345 ,PRE FILTER ASSY - FML PART NO.14SK116 ,31.28
25,9183-346 ,MAIN FILTER ASSY - FML PART NO. 14SK117 ,30.11
26,9183-365 ,MAIN FILTER ASSY - AL H3/H4 PART NO. 15SK239 ,23.41
27,9183-366 ,PRE FILTER ASSY - AL H3/H4 PART NO. 15SK238 ,21.04
28,9188-011A ,FILTER W/OUT WATER SENSOR ,12.37
29,9188-036 ,TML 4SP UV & LCV FILTER WITH DP ,22.99
30,9188-037 ,TML INDICRUZ FILTER WITH DP FOR AM ,32.94
31,9188-506 ,UPCR DFF9 ELEMENT SPARES ,6.7
32,9188-520 ,TML UPCR PRE FILTER ELEMENT ,5.91
33,9188-525 ,MAIN FILTER WITH O RING KIT ,12.48
34,9188-536 ,PRE-FILTER WITH O RING KIT ,10.27
35,9188-544 ,Fuel Pre-Filter Bowl with plug without Bracket & WIF ,23.12
36,9188-545 ,Fuel Filter Assy (Main Filter) without bracket ,22.72
37,9188-573 ,JCB MAIN FILTER ,22.03
38,9188-813 ,Maruti Swift filter ,11.16
39,9188-819 ,FILTER ELEMENT KIT (Catridge) ,8.66
40,9188-820 ,FILTER ELEMENT KIT (Catridge) ,4.72
41,9188-821 ,FILTER ELEMENT KIT (Catridge) ,4.2
42,R6353430 ,CR FILTER TML ,16.06
